Rs. 349.00,Rs. 349.00,Rs. 599.00
Rs. 550.00,Rs. 550.00,Rs. 999.00
Rs. 899.00,Rs. 899.00,"Rs. 1,499.00"
Rs. 349.00,Rs. 349.00,Rs. 599.00
Rs. 550.00,Rs. 550.00,Rs. 999.00
Rs. 899.00,Rs. 899.00,"Rs. 1,499.00"
Rs. 349.00,Rs. 349.00,Rs. 699.00
Rs. 349.00,Rs. 349.00,Rs. 699.00
Rs. 349.00,Rs. 349.00,Rs. 499.00
Rs. 349.00,Rs. 349.00,Rs. 499.00
Rs. 669.00,Rs. 669.00,Rs. 999.00
Rs. 669.00,Rs. 669.00,Rs. 999.00
"Rs. 1,349.00","Rs. 1,349.00","Rs. 2,299.00"
"Rs. 1,349.00","Rs. 1,349.00","Rs. 2,299.00"
Rs. 899.00,Rs. 899.00,"Rs. 1,499.00"
Rs. 899.00,Rs. 899.00,"Rs. 1,499.00"
Rs. 349.00,Rs. 349.00,Rs. 599.00
Rs. 550.00,Rs. 550.00,Rs. 999.00
Rs. 899.00,Rs. 899.00,"Rs. 1,499.00"
Rs. 349.00,Rs. 349.00,Rs. 599.00
Rs. 550.00,Rs. 550.00,Rs. 999.00
Rs. 899.00,Rs. 899.00,"Rs. 1,499.00"
Rs. 450.00,Rs. 450.00,Rs. 799.00
Rs. 450.00,Rs. 450.00,Rs. 799.00
Rs. 349.00,Rs. 349.00,Rs. 499.00
Rs. 349.00,Rs. 349.00,Rs. 499.00
Rs. 899.00,Rs. 899.00,"Rs. 1,499.00"
Rs. 899.00,Rs. 899.00,"Rs. 1,499.00"
Rs. 799.00,Rs. 799.00,"Rs. 1,199.00"
Rs. 799.00,Rs. 799.00,"Rs. 1,199.00"
Rs. 549.00,Rs. 549.00,"Rs. 1,199.00"
Rs. 549.00,Rs. 549.00,"Rs. 1,199.00"
Rs. 549.00,Rs. 549.00,"Rs. 1,199.00"
Rs. 549.00,Rs. 549.00,"Rs. 1,199.00"
"Rs. 1,349.00","Rs. 1,349.00","Rs. 2,299.00"
"Rs. 1,349.00","Rs. 1,349.00","Rs. 2,299.00"
Rs. 349.00,Rs. 349.00,Rs. 599.00
Rs. 550.00,Rs. 550.00,Rs. 999.00
Rs. 899.00,Rs. 899.00,"Rs. 1,499.00"
Rs. 349.00,Rs. 349.00,Rs. 599.00
Rs. 550.00,Rs. 550.00,Rs. 999.00
Rs. 899.00,Rs. 899.00,"Rs. 1,499.00"
"Rs. 1,599.00","Rs. 1,599.00","Rs. 1,799.00"
"Rs. 1,599.00","Rs. 1,599.00","Rs. 1,799.00"
Rs. 349.00,Rs. 349.00,Rs. 699.00
Rs. 349.00,Rs. 349.00,Rs. 699.00
Rs. 500.00,Rs. 500.00,Rs. 899.00
Rs. 500.00,Rs. 500.00,Rs. 899.00
Rs. 349.00,Rs. 349.00,Rs. 599.00
Rs. 550.00,Rs. 550.00,Rs. 999.00
Rs. 899.00,Rs. 899.00,"Rs. 1,499.00"
Rs. 349.00,Rs. 349.00,Rs. 599.00
Rs. 550.00,Rs. 550.00,Rs. 999.00
Rs. 899.00,Rs. 899.00,"Rs. 1,499.00"
Rs. 349.00,Rs. 349.00,Rs. 699.00
Rs. 349.00,Rs. 349.00,Rs. 699.00
Rs. 349.00,Rs. 349.00,Rs. 699.00
Rs. 349.00,Rs. 349.00,Rs. 699.00
Rs. 799.00,Rs. 799.00,"Rs. 1,199.00"
Rs. 799.00,Rs. 799.00,"Rs. 1,199.00"
Rs. 850.00,Rs. 850.00,"Rs. 1,499.00"
Rs. 850.00,Rs. 850.00,"Rs. 1,499.00"
Rs. 899.00,Rs. 899.00,"Rs. 1,299.00"
Rs. 899.00,Rs. 899.00,"Rs. 1,299.00"
Rs. 349.00,Rs. 349.00,Rs. 599.00
Rs. 550.00,Rs. 550.00,Rs. 999.00
Rs. 899.00,Rs. 899.00,"Rs. 1,499.00"
Rs. 349.00,Rs. 349.00,Rs. 599.00
Rs. 550.00,Rs. 550.00,Rs. 999.00
Rs. 899.00,Rs. 899.00,"Rs. 1,499.00"
Rs. 669.00,Rs. 669.00,Rs. 999.00
Rs. 669.00,Rs. 669.00,Rs. 999.00
Rs. 349.00,Rs. 349.00,Rs. 549.00
Rs. 349.00,Rs. 349.00,Rs. 549.00
Rs. 349.00,Rs. 349.00,Rs. 499.00
Rs. 349.00,Rs. 349.00,Rs. 499.00
Rs. 749.00,Rs. 749.00,"Rs. 1,399.00"
Rs. 749.00,Rs. 749.00,"Rs. 1,399.00"
Rs. 549.00,Rs. 549.00,Rs. 999.00
Rs. 549.00,Rs. 549.00,Rs. 999.00
Rs. 549.00,Rs. 549.00,Rs. 999.00
Rs. 549.00,Rs. 549.00,Rs. 999.00
Rs. 549.00,Rs. 549.00,Rs. 999.00
Rs. 549.00,Rs. 549.00,Rs. 999.00
Rs. 549.00,Rs. 549.00,Rs. 999.00
Rs. 549.00,Rs. 549.00,Rs. 999.00
Rs. 549.00,Rs. 549.00,Rs. 799.00
Rs. 549.00,Rs. 549.00,Rs. 799.00
Rs. 448.00,Rs. 448.00,Rs. 549.00
Rs. 448.00,Rs. 448.00,Rs. 549.00
Rs. 409.00,Rs. 409.00,Rs. 699.00
Rs. 409.00,Rs. 409.00,Rs. 699.00
Rs. 850.00,Rs. 850.00,"Rs. 1,299.00"
Rs. 850.00,Rs. 850.00,"Rs. 1,299.00"
Rs. 349.00,Rs. 349.00,Rs. 599.00
Rs. 550.00,Rs. 550.00,Rs. 999.00
Rs. 899.00,Rs. 899.00,"Rs. 1,499.00"
Rs. 349.00,Rs. 349.00,Rs. 599.00
Rs. 550.00,Rs. 550.00,Rs. 999.00
Rs. 899.00,Rs. 899.00,"Rs. 1,499.00"
Rs. 850.00,Rs. 850.00,"Rs. 1,299.00"
Rs. 850.00,Rs. 850.00,"Rs. 1,299.00"
Rs. 749.00,Rs. 749.00,"Rs. 1,099.00"
Rs. 749.00,Rs. 749.00,"Rs. 1,099.00"
Rs. 349.00,Rs. 349.00,Rs. 599.00
Rs. 550.00,Rs. 550.00,Rs. 999.00
Rs. 899.00,Rs. 899.00,"Rs. 1,499.00"
Rs. 349.00,Rs. 349.00,Rs. 599.00
Rs. 550.00,Rs. 550.00,Rs. 999.00
Rs. 899.00,Rs. 899.00,"Rs. 1,499.00"
Rs. 349.00,Rs. 349.00,Rs. 599.00
Rs. 549.00,Rs. 549.00,"Rs. 1,199.00"
Rs. 349.00,Rs. 349.00,Rs. 599.00
Rs. 550.00,Rs. 550.00,Rs. 999.00
Rs. 899.00,Rs. 899.00,"Rs. 1,499.00"
Rs. 349.00,Rs. 349.00,Rs. 599.00
Rs. 550.00,Rs. 550.00,Rs. 999.00
Rs. 899.00,Rs. 899.00,"Rs. 1,499.00"
Rs. 349.00,Rs. 349.00,Rs. 599.00
Rs. 549.00,Rs. 549.00,"Rs. 1,199.00"
Rs. 349.00,Rs. 349.00,Rs. 599.00
Rs. 550.00,Rs. 550.00,Rs. 999.00
Rs. 899.00,Rs. 899.00,"Rs. 1,499.00"
Rs. 349.00,Rs. 349.00,Rs. 599.00
Rs. 550.00,Rs. 550.00,Rs. 999.00
Rs. 899.00,Rs. 899.00,"Rs. 1,499.00"
Rs. 349.00,Rs. 349.00,Rs. 599.00
Rs. 550.00,Rs. 550.00,Rs. 999.00
Rs. 899.00,Rs. 899.00,"Rs. 1,499.00"
Rs. 349.00,Rs. 349.00,Rs. 599.00
Rs. 550.00,Rs. 550.00,Rs. 999.00
Rs. 899.00,Rs. 899.00,"Rs. 1,499.00"
Rs. 349.00,Rs. 349.00,Rs. 599.00
Rs. 550.00,Rs. 550.00,Rs. 999.00
Rs. 899.00,Rs. 899.00,"Rs. 1,499.00"
Rs. 349.00,Rs. 349.00,Rs. 599.00
Rs. 550.00,Rs. 550.00,Rs. 999.00
Rs. 899.00,Rs. 899.00,"Rs. 1,499.00"
Rs. 349.00,Rs. 349.00,Rs. 599.00
Rs. 550.00,Rs. 550.00,Rs. 999.00
Rs. 899.00,Rs. 899.00,"Rs. 1,499.00"
Rs. 349.00,Rs. 349.00,Rs. 599.00
Rs. 550.00,Rs. 550.00,Rs. 999.00
Rs. 899.00,Rs. 899.00,"Rs. 1,499.00"
Rs. 349.00,Rs. 349.00,Rs. 599.00
Rs. 550.00,Rs. 550.00,Rs. 999.00
Rs. 899.00,Rs. 899.00,"Rs. 1,499.00"
Rs. 349.00,Rs. 349.00,Rs. 599.00
Rs. 550.00,Rs. 550.00,Rs. 999.00
Rs. 899.00,Rs. 899.00,"Rs. 1,499.00"
Rs. 349.00,Rs. 349.00,Rs. 599.00
Rs. 550.00,Rs. 550.00,Rs. 999.00
Rs. 899.00,Rs. 899.00,"Rs. 1,499.00"
Rs. 349.00,Rs. 349.00,Rs. 599.00
Rs. 550.00,Rs. 550.00,Rs. 999.00
Rs. 899.00,Rs. 899.00,"Rs. 1,499.00"
Rs. 349.00,Rs. 349.00,Rs. 599.00
Rs. 550.00,Rs. 550.00,Rs. 999.00
Rs. 899.00,Rs. 899.00,"Rs. 1,499.00"
Rs. 349.00,Rs. 349.00,Rs. 599.00
Rs. 550.00,Rs. 550.00,Rs. 999.00
Rs. 899.00,Rs. 899.00,"Rs. 1,499.00"
Rs. 549.00,Rs. 549.00,"Rs. 1,199.00"
Rs. 549.00,Rs. 549.00,"Rs. 1,199.00"
Rs. 448.00,Rs. 448.00,Rs. 549.00
Rs. 448.00,Rs. 448.00,Rs. 549.00
Rs. 299.00,Rs. 299.00,Rs. 399.00
Rs. 299.00,Rs. 299.00,Rs. 399.00
Rs. 899.00,Rs. 899.00,"Rs. 1,499.00"
Rs. 899.00,Rs. 899.00,"Rs. 1,499.00"
Rs. 799.00,Rs. 799.00,Rs. 999.00
Rs. 799.00,Rs. 799.00,Rs. 999.00
Rs. 349.00,Rs. 349.00,Rs. 699.00
Rs. 349.00,Rs. 349.00,Rs. 699.00
Rs. 799.00,Rs. 799.00,Rs. 999.00
Rs. 799.00,Rs. 799.00,Rs. 999.00
Rs. 799.00,Rs. 799.00,Rs. 999.00
Rs. 799.00,Rs. 799.00,Rs. 999.00
Rs. 299.00,Rs. 299.00,Rs. 449.00
Rs. 299.00,Rs. 299.00,Rs. 449.00
Rs. 799.00,Rs. 799.00,"Rs. 1,199.00"
Rs. 799.00,Rs. 799.00,"Rs. 1,199.00"
Rs. 449.00,Rs. 449.00,Rs. 600.00
Rs. 449.00,Rs. 449.00,Rs. 600.00
Rs. 499.00,Rs. 499.00,Rs. 699.00
Rs. 499.00,Rs. 499.00,Rs. 699.00
Rs. 669.00,Rs. 669.00,Rs. 999.00
Rs. 669.00,Rs. 669.00,Rs. 999.00
Rs. 549.00,Rs. 549.00,Rs. 999.00
Rs. 549.00,Rs. 549.00,Rs. 999.00
Rs. 549.00,Rs. 549.00,Rs. 899.00
Rs. 549.00,Rs. 549.00,Rs. 899.00
Rs. 899.00,Rs. 899.00,"Rs. 1,199.00"
Rs. 899.00,Rs. 899.00,"Rs. 1,199.00"
Rs. 749.00,Rs. 749.00,"Rs. 1,099.00"
Rs. 749.00,Rs. 749.00,"Rs. 1,099.00"
Rs. 349.00,Rs. 349.00,Rs. 699.00
Rs. 349.00,Rs. 349.00,Rs. 699.00
Rs. 319.00,Rs. 319.00,Rs. 379.00
Rs. 319.00,Rs. 319.00,Rs. 379.00
Rs. 549.00,Rs. 549.00,Rs. 799.00
Rs. 549.00,Rs. 549.00,Rs. 799.00
Rs. 799.00,Rs. 799.00,Rs. 999.00
Rs. 799.00,Rs. 799.00,Rs. 999.00
Rs. 499.00,Rs. 499.00,Rs. 699.00
Rs. 499.00,Rs. 499.00,Rs. 699.00
Rs. 749.00,Rs. 749.00,"Rs. 1,399.00"
Rs. 749.00,Rs. 749.00,"Rs. 1,399.00"
Rs. 799.00,Rs. 799.00,Rs. 999.00
Rs. 799.00,Rs. 799.00,Rs. 999.00
Rs. 349.00,Rs. 349.00,Rs. 599.00
Rs. 550.00,Rs. 550.00,Rs. 999.00
Rs. 899.00,Rs. 899.00,"Rs. 1,499.00"
Rs. 349.00,Rs. 349.00,Rs. 599.00
Rs. 550.00,Rs. 550.00,Rs. 999.00
Rs. 899.00,Rs. 899.00,"Rs. 1,499.00"
Rs. 499.00,Rs. 499.00,Rs. 749.00
Rs. 499.00,Rs. 499.00,Rs. 749.00
Rs. 850.00,Rs. 850.00,"Rs. 1,299.00"
Rs. 850.00,Rs. 850.00,"Rs. 1,299.00"
Rs. 899.00,Rs. 899.00,"Rs. 1,499.00"
Rs. 899.00,Rs. 899.00,"Rs. 1,499.00"
Rs. 799.00,Rs. 799.00,"Rs. 1,199.00"
Rs. 799.00,Rs. 799.00,"Rs. 1,199.00"
Rs. 549.00,Rs. 549.00,"Rs. 1,199.00"
Rs. 549.00,Rs. 549.00,"Rs. 1,199.00"
Rs. 549.00,Rs. 549.00,Rs. 999.00
Rs. 549.00,Rs. 549.00,Rs. 999.00
Rs. 849.00,Rs. 849.00,"Rs. 1,299.00"
Rs. 849.00,Rs. 849.00,"Rs. 1,299.00"
"Rs. 1,199.00","Rs. 1,199.00","Rs. 1,999.00"
"Rs. 1,199.00","Rs. 1,199.00","Rs. 1,999.00"
Rs. 669.00,Rs. 669.00,"Rs. 1,399.00"
Rs. 669.00,Rs. 669.00,"Rs. 1,399.00"
Rs. 549.00,Rs. 549.00,Rs. 799.00
Rs. 549.00,Rs. 549.00,Rs. 799.00
Rs. 799.00,Rs. 799.00,Rs. 999.00
Rs. 799.00,Rs. 799.00,Rs. 999.00
Rs. 349.00,Rs. 349.00,Rs. 375.00
Rs. 349.00,Rs. 349.00,Rs. 375.00
Rs. 349.00,Rs. 349.00,Rs. 375.00
Rs. 349.00,Rs. 349.00,Rs. 375.00
Rs. 349.00,Rs. 349.00,Rs. 375.00
Rs. 349.00,Rs. 349.00,Rs. 375.00
Rs. 349.00,Rs. 349.00,Rs. 549.00
Rs. 349.00,Rs. 349.00,Rs. 549.00
Rs. 349.00,Rs. 349.00,Rs. 499.00
Rs. 349.00,Rs. 349.00,Rs. 499.00
Rs. 399.00,Rs. 399.00,Rs. 699.00
Rs. 399.00,Rs. 399.00,Rs. 699.00
Rs. 399.00,Rs. 399.00,Rs. 669.00
Rs. 399.00,Rs. 399.00,Rs. 669.00
Rs. 399.00,Rs. 399.00,Rs. 599.00
Rs. 399.00,Rs. 399.00,Rs. 599.00
Rs. 670.00,Rs. 670.00,"Rs. 1,199.00"
Rs. 670.00,Rs. 670.00,"Rs. 1,199.00"
Rs. 670.00,Rs. 670.00,"Rs. 1,199.00"
Rs. 670.00,Rs. 670.00,"Rs. 1,199.00"
Rs. 449.00,Rs. 449.00,Rs. 549.00
Rs. 449.00,Rs. 449.00,Rs. 549.00
Rs. 449.00,Rs. 449.00,Rs. 599.00
Rs. 449.00,Rs. 449.00,Rs. 599.00
Rs. 349.00,Rs. 349.00,Rs. 599.00
Rs. 550.00,Rs. 550.00,Rs. 999.00
Rs. 899.00,Rs. 899.00,"Rs. 1,499.00"
Rs. 349.00,Rs. 349.00,Rs. 599.00
Rs. 550.00,Rs. 550.00,Rs. 999.00
Rs. 899.00,Rs. 899.00,"Rs. 1,499.00"
Rs. 399.00,Rs. 399.00,Rs. 599.00
Rs. 399.00,Rs. 399.00,Rs. 599.00
Rs. 399.00,Rs. 399.00,Rs. 599.00
Rs. 399.00,Rs. 399.00,Rs. 599.00
Rs. 549.00,Rs. 549.00,"Rs. 1,199.00"
Rs. 549.00,Rs. 549.00,"Rs. 1,199.00"
Rs. 448.00,Rs. 448.00,Rs. 549.00
Rs. 448.00,Rs. 448.00,Rs. 549.00
Rs. 799.00,Rs. 799.00,"Rs. 1,199.00"
Rs. 799.00,Rs. 799.00,"Rs. 1,199.00"
Rs. 899.00,Rs. 899.00,"Rs. 1,499.00"
Rs. 899.00,Rs. 899.00,"Rs. 1,499.00"
Rs. 749.00,Rs. 749.00,"Rs. 1,399.00"
Rs. 749.00,Rs. 749.00,"Rs. 1,399.00"
Rs. 549.00,Rs. 549.00,Rs. 999.00
Rs. 549.00,Rs. 549.00,Rs. 999.00
Rs. 549.00,Rs. 549.00,Rs. 999.00
Rs. 549.00,Rs. 549.00,Rs. 999.00
Rs. 399.00,Rs. 399.00,Rs. 799.00
Rs. 399.00,Rs. 399.00,Rs. 799.00
Rs. 399.00,Rs. 399.00,Rs. 599.00
Rs. 399.00,Rs. 399.00,Rs. 599.00
Rs. 399.00,Rs. 399.00,Rs. 599.00
Rs. 399.00,Rs. 399.00,Rs. 599.00
Rs. 349.00,Rs. 349.00,Rs. 499.00
Rs. 349.00,Rs. 349.00,Rs. 499.00
Rs. 349.00,Rs. 349.00,Rs. 699.00
Rs. 349.00,Rs. 349.00,Rs. 699.00
Rs. 349.00,Rs. 349.00,Rs. 699.00
Rs. 349.00,Rs. 349.00,Rs. 699.00
Rs. 349.00,Rs. 349.00,Rs. 699.00
Rs. 349.00,Rs. 349.00,Rs. 699.00
Rs. 349.00,Rs. 349.00,Rs. 699.00
Rs. 349.00,Rs. 349.00,Rs. 699.00
Rs. 670.00,Rs. 670.00,"Rs. 1,199.00"
Rs. 670.00,Rs. 670.00,"Rs. 1,199.00"
"from Rs. 1,299.00","from Rs. 1,299.00","Rs. 1,699.00"
"from Rs. 1,299.00","from Rs. 1,299.00","Rs. 1,699.00"
"from Rs. 1,299.00","from Rs. 1,299.00","Rs. 1,699.00"
"from Rs. 1,299.00","from Rs. 1,299.00","Rs. 1,699.00"
"from Rs. 1,299.00","from Rs. 1,299.00","Rs. 1,699.00"
"from Rs. 1,299.00","from Rs. 1,299.00","Rs. 1,699.00"
"Rs. 1,499.00","Rs. 1,499.00","Rs. 1,799.00"
"Rs. 1,499.00","Rs. 1,499.00","Rs. 1,799.00"
Rs. 499.00,Rs. 499.00,Rs. 899.00
Rs. 499.00,Rs. 499.00,Rs. 899.00
Rs. 549.00,Rs. 549.00,Rs. 999.00
Rs. 549.00,Rs. 549.00,Rs. 999.00
Rs. 349.00,Rs. 349.00,Rs. 599.00
Rs. 550.00,Rs. 550.00,Rs. 999.00
Rs. 899.00,Rs. 899.00,"Rs. 1,499.00"
Rs. 349.00,Rs. 349.00,Rs. 599.00
Rs. 550.00,Rs. 550.00,Rs. 999.00
Rs. 899.00,Rs. 899.00,"Rs. 1,499.00"
Rs. 549.00,Rs. 549.00,"Rs. 1,199.00"
Rs. 549.00,Rs. 549.00,"Rs. 1,199.00"
Rs. 448.00,Rs. 448.00,Rs. 549.00
Rs. 448.00,Rs. 448.00,Rs. 549.00
Rs. 299.00,Rs. 299.00,Rs. 399.00
Rs. 299.00,Rs. 299.00,Rs. 399.00
Rs. 899.00,Rs. 899.00,"Rs. 1,499.00"
Rs. 899.00,Rs. 899.00,"Rs. 1,499.00"
Rs. 799.00,Rs. 799.00,"Rs. 1,199.00"
Rs. 799.00,Rs. 799.00,"Rs. 1,199.00"
Rs. 449.00,Rs. 449.00,Rs. 600.00
Rs. 449.00,Rs. 449.00,Rs. 600.00
Rs. 499.00,Rs. 499.00,Rs. 699.00
Rs. 499.00,Rs. 499.00,Rs. 699.00
Rs. 669.00,Rs. 669.00,Rs. 999.00
Rs. 669.00,Rs. 669.00,Rs. 999.00
Rs. 549.00,Rs. 549.00,Rs. 999.00
Rs. 549.00,Rs. 549.00,Rs. 999.00
Rs. 899.00,Rs. 899.00,"Rs. 1,199.00"
Rs. 899.00,Rs. 899.00,"Rs. 1,199.00"
Rs. 749.00,Rs. 749.00,"Rs. 1,099.00"
Rs. 749.00,Rs. 749.00,"Rs. 1,099.00"
Rs. 549.00,Rs. 549.00,Rs. 799.00
Rs. 549.00,Rs. 549.00,Rs. 799.00
Rs. 499.00,Rs. 499.00,Rs. 699.00
Rs. 499.00,Rs. 499.00,Rs. 699.00
Rs. 749.00,Rs. 749.00,"Rs. 1,399.00"
Rs. 749.00,Rs. 749.00,"Rs. 1,399.00"
Rs. 669.00,Rs. 669.00,Rs. 999.00
Rs. 669.00,Rs. 669.00,Rs. 999.00
Rs. 669.00,Rs. 669.00,Rs. 999.00
Rs. 669.00,Rs. 669.00,Rs. 999.00
Rs. 409.00,Rs. 409.00,Rs. 699.00
Rs. 409.00,Rs. 409.00,Rs. 699.00
Rs. 399.00,Rs. 399.00,Rs. 499.00
Rs. 399.00,Rs. 399.00,Rs. 499.00
Rs. 449.00,Rs. 449.00,Rs. 699.00
Rs. 449.00,Rs. 449.00,Rs. 699.00
Rs. 549.00,Rs. 549.00,"Rs. 1,199.00"
Rs. 549.00,Rs. 549.00,"Rs. 1,199.00"
"Rs. 1,099.00","Rs. 1,099.00","Rs. 1,499.00"
"Rs. 1,099.00","Rs. 1,099.00","Rs. 1,499.00"
Rs. 249.00,Rs. 249.00,Rs. 399.00
Rs. 249.00,Rs. 249.00,Rs. 399.00
Rs. 449.00,Rs. 449.00,Rs. 749.00
Rs. 449.00,Rs. 449.00,Rs. 749.00
Rs. 749.00,Rs. 749.00,"Rs. 1,199.00"
Rs. 749.00,Rs. 749.00,"Rs. 1,199.00"
Rs. 349.00,Rs. 349.00,Rs. 599.00
Rs. 550.00,Rs. 550.00,Rs. 999.00
Rs. 899.00,Rs. 899.00,"Rs. 1,499.00"
Rs. 349.00,Rs. 349.00,Rs. 599.00
Rs. 550.00,Rs. 550.00,Rs. 999.00
Rs. 899.00,Rs. 899.00,"Rs. 1,499.00"
Rs. 499.00,Rs. 499.00,Rs. 999.00
Rs. 499.00,Rs. 499.00,Rs. 999.00
Rs. 450.00,Rs. 450.00,Rs. 799.00
Rs. 450.00,Rs. 450.00,Rs. 799.00
Rs. 399.00,Rs. 399.00,Rs. 599.00
Rs. 399.00,Rs. 399.00,Rs. 599.00
Rs. 899.00,Rs. 899.00,"Rs. 1,499.00"
Rs. 899.00,Rs. 899.00,"Rs. 1,499.00"
"Rs. 1,899.00","Rs. 1,899.00","Rs. 1,999.00"
"Rs. 1,899.00","Rs. 1,899.00","Rs. 1,999.00"
"Rs. 1,899.00","Rs. 1,899.00","Rs. 1,999.00"
"Rs. 1,899.00","Rs. 1,899.00","Rs. 1,999.00"
Rs. 669.00,Rs. 669.00,Rs. 999.00
Rs. 669.00,Rs. 669.00,Rs. 999.00
Rs. 350.00,Rs. 350.00,Rs. 599.00
Rs. 350.00,Rs. 350.00,Rs. 599.00
Rs. 629.00,Rs. 629.00,"Rs. 1,299.00"
Rs. 629.00,Rs. 629.00,"Rs. 1,299.00"
"Rs. 1,899.00","Rs. 1,899.00","Rs. 1,999.00"
"Rs. 1,899.00","Rs. 1,899.00","Rs. 1,999.00"
Rs. 350.00,Rs. 350.00,Rs. 599.00
Rs. 350.00,Rs. 350.00,Rs. 599.00
Rs. 350.00,Rs. 350.00,Rs. 599.00
Rs. 350.00,Rs. 350.00,Rs. 599.00
"Rs. 1,999.00","Rs. 1,999.00","Rs. 2,599.00"
"Rs. 1,999.00","Rs. 1,999.00","Rs. 2,599.00"
"Rs. 1,599.00","Rs. 1,599.00","Rs. 1,799.00"
"Rs. 1,599.00","Rs. 1,599.00","Rs. 1,799.00"
"Rs. 1,599.00","Rs. 1,599.00","Rs. 1,799.00"
"Rs. 1,599.00","Rs. 1,599.00","Rs. 1,799.00"
"Rs. 1,599.00","Rs. 1,599.00","Rs. 1,799.00"
"Rs. 1,599.00","Rs. 1,599.00","Rs. 1,799.00"
Rs. 899.00,Rs. 899.00,"Rs. 1,499.00"
Rs. 899.00,Rs. 899.00,"Rs. 1,499.00"
"Rs. 1,899.00","Rs. 1,899.00","Rs. 1,999.00"
"Rs. 1,899.00","Rs. 1,899.00","Rs. 1,999.00"
Rs. 899.00,Rs. 899.00,"Rs. 1,499.00"
Rs. 899.00,Rs. 899.00,"Rs. 1,499.00"
Rs. 500.00,Rs. 500.00,Rs. 899.00
Rs. 500.00,Rs. 500.00,Rs. 899.00
Rs. 450.00,Rs. 450.00,Rs. 799.00
Rs. 450.00,Rs. 450.00,Rs. 799.00
Rs. 350.00,Rs. 350.00,Rs. 599.00
Rs. 350.00,Rs. 350.00,Rs. 599.00
Rs. 350.00,Rs. 350.00,Rs. 599.00
Rs. 350.00,Rs. 350.00,Rs. 599.00
Rs. 350.00,Rs. 350.00,Rs. 599.00
Rs. 350.00,Rs. 350.00,Rs. 599.00
Rs. 349.00,Rs. 349.00,Rs. 599.00
Rs. 550.00,Rs. 550.00,Rs. 999.00
Rs. 899.00,Rs. 899.00,"Rs. 1,499.00"
Rs. 349.00,Rs. 349.00,Rs. 599.00
Rs. 550.00,Rs. 550.00,Rs. 999.00
Rs. 899.00,Rs. 899.00,"Rs. 1,499.00"
Rs. 448.00,Rs. 448.00,Rs. 549.00
Rs. 448.00,Rs. 448.00,Rs. 549.00
Rs. 299.00,Rs. 299.00,Rs. 399.00
Rs. 299.00,Rs. 299.00,Rs. 399.00
Rs. 449.00,Rs. 449.00,Rs. 600.00
Rs. 449.00,Rs. 449.00,Rs. 600.00
Rs. 669.00,Rs. 669.00,Rs. 999.00
Rs. 669.00,Rs. 669.00,Rs. 999.00
Rs. 899.00,Rs. 899.00,"Rs. 1,199.00"
Rs. 899.00,Rs. 899.00,"Rs. 1,199.00"
Rs. 749.00,Rs. 749.00,"Rs. 1,099.00"
Rs. 749.00,Rs. 749.00,"Rs. 1,099.00"
Rs. 499.00,Rs. 499.00,Rs. 699.00
Rs. 499.00,Rs. 499.00,Rs. 699.00
Rs. 749.00,Rs. 749.00,"Rs. 1,399.00"
Rs. 749.00,Rs. 749.00,"Rs. 1,399.00"
Rs. 669.00,Rs. 669.00,Rs. 999.00
Rs. 669.00,Rs. 669.00,Rs. 999.00
Rs. 409.00,Rs. 409.00,Rs. 699.00
Rs. 409.00,Rs. 409.00,Rs. 699.00
Rs. 399.00,Rs. 399.00,Rs. 499.00
Rs. 399.00,Rs. 399.00,Rs. 499.00
Rs. 449.00,Rs. 449.00,Rs. 699.00
Rs. 449.00,Rs. 449.00,Rs. 699.00
Rs. 549.00,Rs. 549.00,"Rs. 1,199.00"
Rs. 549.00,Rs. 549.00,"Rs. 1,199.00"
"Rs. 1,099.00","Rs. 1,099.00","Rs. 1,499.00"
"Rs. 1,099.00","Rs. 1,099.00","Rs. 1,499.00"
Rs. 249.00,Rs. 249.00,Rs. 399.00
Rs. 249.00,Rs. 249.00,Rs. 399.00
Rs. 449.00,Rs. 449.00,Rs. 749.00
Rs. 449.00,Rs. 449.00,Rs. 749.00
Rs. 850.00,Rs. 850.00,"Rs. 1,299.00"
Rs. 850.00,Rs. 850.00,"Rs. 1,299.00"
Rs. 499.00,Rs. 499.00,Rs. 749.00
Rs. 499.00,Rs. 499.00,Rs. 749.00
Rs. 899.00,Rs. 899.00,"Rs. 1,499.00"
Rs. 899.00,Rs. 899.00,"Rs. 1,499.00"
Rs. 449.00,Rs. 449.00,Rs. 899.00
Rs. 449.00,Rs. 449.00,Rs. 899.00
Rs. 399.00,Rs. 399.00,Rs. 599.00
Rs. 399.00,Rs. 399.00,Rs. 599.00
Rs. 799.00,Rs. 799.00,Rs. 999.00
Rs. 799.00,Rs. 799.00,Rs. 999.00
Rs. 509.00,Rs. 509.00,Rs. 999.00
Rs. 509.00,Rs. 509.00,Rs. 999.00
Rs. 549.00,Rs. 549.00,Rs. 899.00
Rs. 549.00,Rs. 549.00,Rs. 899.00
Rs. 349.00,Rs. 349.00,Rs. 599.00
Rs. 550.00,Rs. 550.00,Rs. 999.00
Rs. 899.00,Rs. 899.00,"Rs. 1,499.00"
Rs. 349.00,Rs. 349.00,Rs. 599.00
Rs. 550.00,Rs. 550.00,Rs. 999.00
Rs. 899.00,Rs. 899.00,"Rs. 1,499.00"
Rs. 549.00,Rs. 549.00,"Rs. 1,199.00"
Rs. 549.00,Rs. 549.00,"Rs. 1,199.00"
Rs. 799.00,Rs. 799.00,Rs. 999.00
Rs. 799.00,Rs. 799.00,Rs. 999.00
Rs. 349.00,Rs. 349.00,Rs. 699.00
Rs. 349.00,Rs. 349.00,Rs. 699.00
Rs. 799.00,Rs. 799.00,Rs. 999.00
Rs. 799.00,Rs. 799.00,Rs. 999.00
Rs. 799.00,Rs. 799.00,Rs. 999.00
Rs. 799.00,Rs. 799.00,Rs. 999.00
Rs. 299.00,Rs. 299.00,Rs. 449.00
Rs. 299.00,Rs. 299.00,Rs. 449.00
Rs. 499.00,Rs. 499.00,Rs. 699.00
Rs. 499.00,Rs. 499.00,Rs. 699.00
Rs. 549.00,Rs. 549.00,Rs. 999.00
Rs. 549.00,Rs. 549.00,Rs. 999.00
Rs. 549.00,Rs. 549.00,Rs. 899.00
Rs. 549.00,Rs. 549.00,Rs. 899.00
Rs. 349.00,Rs. 349.00,Rs. 699.00
Rs. 349.00,Rs. 349.00,Rs. 699.00
Rs. 319.00,Rs. 319.00,Rs. 379.00
Rs. 319.00,Rs. 319.00,Rs. 379.00
Rs. 799.00,Rs. 799.00,Rs. 999.00
Rs. 799.00,Rs. 799.00,Rs. 999.00
Rs. 799.00,Rs. 799.00,Rs. 999.00
Rs. 799.00,Rs. 799.00,Rs. 999.00
Rs. 669.00,Rs. 669.00,Rs. 999.00
Rs. 669.00,Rs. 669.00,Rs. 999.00
Rs. 349.00,Rs. 349.00,Rs. 699.00
Rs. 349.00,Rs. 349.00,Rs. 699.00
Rs. 799.00,Rs. 799.00,Rs. 999.00
Rs. 799.00,Rs. 799.00,Rs. 999.00
Rs. 349.00,Rs. 349.00,Rs. 499.00
Rs. 349.00,Rs. 349.00,Rs. 499.00
"from Rs. 1,299.00","from Rs. 1,299.00","Rs. 1,699.00"
"from Rs. 1,299.00","from Rs. 1,299.00","Rs. 1,699.00"
"from Rs. 1,299.00","from Rs. 1,299.00","Rs. 1,699.00"
"from Rs. 1,299.00","from Rs. 1,299.00","Rs. 1,699.00"
"from Rs. 1,299.00","from Rs. 1,299.00","Rs. 1,499.00"
"from Rs. 1,299.00","from Rs. 1,299.00","Rs. 1,499.00"
"from Rs. 1,349.00","from Rs. 1,349.00","Rs. 1,899.00"
"from Rs. 1,349.00","from Rs. 1,349.00","Rs. 1,899.00"
Rs. 349.00,Rs. 349.00,Rs. 599.00
Rs. 349.00,Rs. 349.00,Rs. 599.00
Rs. 349.00,Rs. 349.00,Rs. 699.00
Rs. 349.00,Rs. 349.00,Rs. 699.00
"from Rs. 1,399.00","from Rs. 1,399.00","Rs. 1,699.00"
"from Rs. 1,399.00","from Rs. 1,399.00","Rs. 1,699.00"
Rs. 349.00,Rs. 349.00,Rs. 599.00
Rs. 550.00,Rs. 550.00,Rs. 999.00
Rs. 899.00,Rs. 899.00,"Rs. 1,499.00"
Rs. 349.00,Rs. 349.00,Rs. 599.00
Rs. 550.00,Rs. 550.00,Rs. 999.00
Rs. 899.00,Rs. 899.00,"Rs. 1,499.00"
Rs. 349.00,Rs. 349.00,Rs. 599.00
Rs. 550.00,Rs. 550.00,Rs. 999.00
Rs. 899.00,Rs. 899.00,"Rs. 1,499.00"
Rs. 349.00,Rs. 349.00,Rs. 599.00
Rs. 550.00,Rs. 550.00,Rs. 999.00
Rs. 899.00,Rs. 899.00,"Rs. 1,499.00"
Rs. 349.00,Rs. 349.00,Rs. 599.00
Rs. 550.00,Rs. 550.00,Rs. 999.00
Rs. 899.00,Rs. 899.00,"Rs. 1,499.00"
Rs. 349.00,Rs. 349.00,Rs. 599.00
Rs. 550.00,Rs. 550.00,Rs. 999.00
Rs. 899.00,Rs. 899.00,"Rs. 1,499.00"
Rs. 349.00,Rs. 349.00,Rs. 599.00
Rs. 550.00,Rs. 550.00,Rs. 999.00
Rs. 899.00,Rs. 899.00,"Rs. 1,499.00"
Rs. 349.00,Rs. 349.00,Rs. 599.00
Rs. 550.00,Rs. 550.00,Rs. 999.00
Rs. 899.00,Rs. 899.00,"Rs. 1,499.00"
Rs. 349.00,Rs. 349.00,Rs. 699.00
Rs. 349.00,Rs. 349.00,Rs. 699.00
Rs. 349.00,Rs. 349.00,Rs. 499.00
Rs. 349.00,Rs. 349.00,Rs. 499.00
Rs. 669.00,Rs. 669.00,Rs. 999.00
Rs. 669.00,Rs. 669.00,Rs. 999.00
"Rs. 1,349.00","Rs. 1,349.00","Rs. 2,299.00"
"Rs. 1,349.00","Rs. 1,349.00","Rs. 2,299.00"
Rs. 899.00,Rs. 899.00,"Rs. 1,499.00"
Rs. 899.00,Rs. 899.00,"Rs. 1,499.00"
Rs. 349.00,Rs. 349.00,Rs. 599.00
Rs. 550.00,Rs. 550.00,Rs. 999.00
Rs. 899.00,Rs. 899.00,"Rs. 1,499.00"
Rs. 349.00,Rs. 349.00,Rs. 599.00
Rs. 550.00,Rs. 550.00,Rs. 999.00
Rs. 899.00,Rs. 899.00,"Rs. 1,499.00"
Rs. 450.00,Rs. 450.00,Rs. 799.00
Rs. 450.00,Rs. 450.00,Rs. 799.00
Rs. 349.00,Rs. 349.00,Rs. 499.00
Rs. 349.00,Rs. 349.00,Rs. 499.00
Rs. 899.00,Rs. 899.00,"Rs. 1,499.00"
Rs. 899.00,Rs. 899.00,"Rs. 1,499.00"
Rs. 799.00,Rs. 799.00,"Rs. 1,199.00"
Rs. 799.00,Rs. 799.00,"Rs. 1,199.00"
Rs. 549.00,Rs. 549.00,"Rs. 1,199.00"
Rs. 549.00,Rs. 549.00,"Rs. 1,199.00"
Rs. 549.00,Rs. 549.00,"Rs. 1,199.00"
Rs. 549.00,Rs. 549.00,"Rs. 1,199.00"
"Rs. 1,349.00","Rs. 1,349.00","Rs. 2,299.00"
"Rs. 1,349.00","Rs. 1,349.00","Rs. 2,299.00"
Rs. 349.00,Rs. 349.00,Rs. 599.00
Rs. 550.00,Rs. 550.00,Rs. 999.00
Rs. 899.00,Rs. 899.00,"Rs. 1,499.00"
Rs. 349.00,Rs. 349.00,Rs. 599.00
Rs. 550.00,Rs. 550.00,Rs. 999.00
Rs. 899.00,Rs. 899.00,"Rs. 1,499.00"
"Rs. 1,599.00","Rs. 1,599.00","Rs. 1,799.00"
"Rs. 1,599.00","Rs. 1,599.00","Rs. 1,799.00"
Rs. 349.00,Rs. 349.00,Rs. 699.00
Rs. 349.00,Rs. 349.00,Rs. 699.00
Rs. 500.00,Rs. 500.00,Rs. 899.00
Rs. 500.00,Rs. 500.00,Rs. 899.00
Rs. 349.00,Rs. 349.00,Rs. 599.00
Rs. 550.00,Rs. 550.00,Rs. 999.00
Rs. 899.00,Rs. 899.00,"Rs. 1,499.00"
Rs. 349.00,Rs. 349.00,Rs. 599.00
Rs. 550.00,Rs. 550.00,Rs. 999.00
Rs. 899.00,Rs. 899.00,"Rs. 1,499.00"
Rs. 349.00,Rs. 349.00,Rs. 699.00
Rs. 349.00,Rs. 349.00,Rs. 699.00
Rs. 349.00,Rs. 349.00,Rs. 699.00
Rs. 349.00,Rs. 349.00,Rs. 699.00
Rs. 799.00,Rs. 799.00,"Rs. 1,199.00"
Rs. 799.00,Rs. 799.00,"Rs. 1,199.00"
Rs. 850.00,Rs. 850.00,"Rs. 1,499.00"
Rs. 850.00,Rs. 850.00,"Rs. 1,499.00"
Rs. 899.00,Rs. 899.00,"Rs. 1,299.00"
Rs. 899.00,Rs. 899.00,"Rs. 1,299.00"
Rs. 349.00,Rs. 349.00,Rs. 599.00
Rs. 550.00,Rs. 550.00,Rs. 999.00
Rs. 899.00,Rs. 899.00,"Rs. 1,499.00"
Rs. 349.00,Rs. 349.00,Rs. 599.00
Rs. 550.00,Rs. 550.00,Rs. 999.00
Rs. 899.00,Rs. 899.00,"Rs. 1,499.00"
Rs. 669.00,Rs. 669.00,Rs. 999.00
Rs. 669.00,Rs. 669.00,Rs. 999.00
Rs. 349.00,Rs. 349.00,Rs. 549.00
Rs. 349.00,Rs. 349.00,Rs. 549.00
Rs. 349.00,Rs. 349.00,Rs. 499.00
Rs. 349.00,Rs. 349.00,Rs. 499.00
Rs. 749.00,Rs. 749.00,"Rs. 1,399.00"
Rs. 749.00,Rs. 749.00,"Rs. 1,399.00"
Rs. 549.00,Rs. 549.00,Rs. 999.00
Rs. 549.00,Rs. 549.00,Rs. 999.00
Rs. 549.00,Rs. 549.00,Rs. 999.00
Rs. 549.00,Rs. 549.00,Rs. 999.00
Rs. 549.00,Rs. 549.00,Rs. 999.00
Rs. 549.00,Rs. 549.00,Rs. 999.00
Rs. 549.00,Rs. 549.00,Rs. 999.00
Rs. 549.00,Rs. 549.00,Rs. 999.00
Rs. 549.00,Rs. 549.00,Rs. 799.00
Rs. 549.00,Rs. 549.00,Rs. 799.00
Rs. 448.00,Rs. 448.00,Rs. 549.00
Rs. 448.00,Rs. 448.00,Rs. 549.00
Rs. 409.00,Rs. 409.00,Rs. 699.00
Rs. 409.00,Rs. 409.00,Rs. 699.00
Rs. 850.00,Rs. 850.00,"Rs. 1,299.00"
Rs. 850.00,Rs. 850.00,"Rs. 1,299.00"
Rs. 349.00,Rs. 349.00,Rs. 599.00
Rs. 550.00,Rs. 550.00,Rs. 999.00
Rs. 899.00,Rs. 899.00,"Rs. 1,499.00"
Rs. 349.00,Rs. 349.00,Rs. 599.00
Rs. 550.00,Rs. 550.00,Rs. 999.00
Rs. 899.00,Rs. 899.00,"Rs. 1,499.00"
Rs. 850.00,Rs. 850.00,"Rs. 1,299.00"
Rs. 850.00,Rs. 850.00,"Rs. 1,299.00"
Rs. 749.00,Rs. 749.00,"Rs. 1,099.00"
Rs. 749.00,Rs. 749.00,"Rs. 1,099.00"
Rs. 349.00,Rs. 349.00,Rs. 599.00
Rs. 550.00,Rs. 550.00,Rs. 999.00
Rs. 899.00,Rs. 899.00,"Rs. 1,499.00"
Rs. 349.00,Rs. 349.00,Rs. 599.00
Rs. 550.00,Rs. 550.00,Rs. 999.00
Rs. 899.00,Rs. 899.00,"Rs. 1,499.00"
Rs. 349.00,Rs. 349.00,Rs. 599.00
Rs. 549.00,Rs. 549.00,"Rs. 1,199.00"
Rs. 349.00,Rs. 349.00,Rs. 599.00
Rs. 550.00,Rs. 550.00,Rs. 999.00
Rs. 899.00,Rs. 899.00,"Rs. 1,499.00"
Rs. 349.00,Rs. 349.00,Rs. 599.00
Rs. 550.00,Rs. 550.00,Rs. 999.00
Rs. 899.00,Rs. 899.00,"Rs. 1,499.00"
Rs. 349.00,Rs. 349.00,Rs. 599.00
Rs. 549.00,Rs. 549.00,"Rs. 1,199.00"
Rs. 349.00,Rs. 349.00,Rs. 599.00
Rs. 550.00,Rs. 550.00,Rs. 999.00
Rs. 899.00,Rs. 899.00,"Rs. 1,499.00"
Rs. 349.00,Rs. 349.00,Rs. 599.00
Rs. 550.00,Rs. 550.00,Rs. 999.00
Rs. 899.00,Rs. 899.00,"Rs. 1,499.00"
Rs. 349.00,Rs. 349.00,Rs. 599.00
Rs. 550.00,Rs. 550.00,Rs. 999.00
Rs. 899.00,Rs. 899.00,"Rs. 1,499.00"
Rs. 349.00,Rs. 349.00,Rs. 599.00
Rs. 550.00,Rs. 550.00,Rs. 999.00
Rs. 899.00,Rs. 899.00,"Rs. 1,499.00"
Rs. 349.00,Rs. 349.00,Rs. 599.00
Rs. 550.00,Rs. 550.00,Rs. 999.00
Rs. 899.00,Rs. 899.00,"Rs. 1,499.00"
Rs. 349.00,Rs. 349.00,Rs. 599.00
Rs. 550.00,Rs. 550.00,Rs. 999.00
Rs. 899.00,Rs. 899.00,"Rs. 1,499.00"
Rs. 349.00,Rs. 349.00,Rs. 599.00
Rs. 550.00,Rs. 550.00,Rs. 999.00
Rs. 899.00,Rs. 899.00,"Rs. 1,499.00"
Rs. 349.00,Rs. 349.00,Rs. 599.00
Rs. 550.00,Rs. 550.00,Rs. 999.00
Rs. 899.00,Rs. 899.00,"Rs. 1,499.00"
Rs. 349.00,Rs. 349.00,Rs. 599.00
Rs. 550.00,Rs. 550.00,Rs. 999.00
Rs. 899.00,Rs. 899.00,"Rs. 1,499.00"
Rs. 349.00,Rs. 349.00,Rs. 599.00
Rs. 550.00,Rs. 550.00,Rs. 999.00
Rs. 899.00,Rs. 899.00,"Rs. 1,499.00"
Rs. 349.00,Rs. 349.00,Rs. 599.00
Rs. 550.00,Rs. 550.00,Rs. 999.00
Rs. 899.00,Rs. 899.00,"Rs. 1,499.00"
Rs. 349.00,Rs. 349.00,Rs. 599.00
Rs. 550.00,Rs. 550.00,Rs. 999.00
Rs. 899.00,Rs. 899.00,"Rs. 1,499.00"
Rs. 699.00,Rs. 699.00,Rs. 749.00
Rs. 699.00,Rs. 699.00,Rs. 749.00
Rs. 499.00,Rs. 499.00,Rs. 699.00
Rs. 499.00,Rs. 499.00,Rs. 699.00
Rs. 499.00,Rs. 499.00,Rs. 849.00
Rs. 499.00,Rs. 499.00,Rs. 849.00
Rs. 669.00,Rs. 669.00,Rs. 999.00
Rs. 669.00,Rs. 669.00,Rs. 999.00
Rs. 899.00,Rs. 899.00,"Rs. 1,199.00"
Rs. 899.00,Rs. 899.00,"Rs. 1,199.00"
Rs. 749.00,Rs. 749.00,"Rs. 1,199.00"
Rs. 749.00,Rs. 749.00,"Rs. 1,199.00"
Rs. 549.00,Rs. 549.00,"Rs. 1,199.00"
Rs. 549.00,Rs. 549.00,"Rs. 1,199.00"
Rs. 399.00,Rs. 399.00,Rs. 599.00
Rs. 399.00,Rs. 399.00,Rs. 599.00
"Rs. 1,099.00","Rs. 1,099.00","Rs. 1,799.00"
"Rs. 1,099.00","Rs. 1,099.00","Rs. 1,799.00"
Rs. 799.00,Rs. 799.00,"Rs. 1,199.00"
Rs. 799.00,Rs. 799.00,"Rs. 1,199.00"
Rs. 899.00,Rs. 899.00,"Rs. 1,499.00"
Rs. 899.00,Rs. 899.00,"Rs. 1,499.00"
"Rs. 1,299.00","Rs. 1,299.00","Rs. 1,699.00"
"Rs. 1,299.00","Rs. 1,299.00","Rs. 1,699.00"
Rs. 299.00,Rs. 299.00,Rs. 399.00
Rs. 299.00,Rs. 299.00,Rs. 399.00
Rs. 448.00,Rs. 448.00,Rs. 549.00
Rs. 448.00,Rs. 448.00,Rs. 549.00
Rs. 449.00,Rs. 449.00,Rs. 749.00
Rs. 449.00,Rs. 449.00,Rs. 749.00
Rs. 449.00,Rs. 449.00,Rs. 600.00
Rs. 449.00,Rs. 449.00,Rs. 600.00
Rs. 549.00,Rs. 549.00,Rs. 999.00
Rs. 549.00,Rs. 549.00,Rs. 999.00
Rs. 409.00,Rs. 409.00,Rs. 699.00
Rs. 409.00,Rs. 409.00,Rs. 699.00
Rs. 499.00,Rs. 499.00,Rs. 699.00
Rs. 499.00,Rs. 499.00,Rs. 699.00
Rs. 749.00,Rs. 749.00,"Rs. 1,099.00"
Rs. 749.00,Rs. 749.00,"Rs. 1,099.00"
Rs. 799.00,Rs. 799.00,Rs. 999.00
Rs. 799.00,Rs. 799.00,Rs. 999.00
Rs. 499.00,Rs. 499.00,Rs. 749.00
Rs. 499.00,Rs. 499.00,Rs. 749.00
Rs. 669.00,Rs. 669.00,Rs. 999.00
Rs. 669.00,Rs. 669.00,Rs. 999.00
Rs. 449.00,Rs. 449.00,Rs. 699.00
Rs. 449.00,Rs. 449.00,Rs. 699.00
Rs. 349.00,Rs. 349.00,Rs. 599.00
Rs. 550.00,Rs. 550.00,Rs. 999.00
Rs. 899.00,Rs. 899.00,"Rs. 1,499.00"
Rs. 349.00,Rs. 349.00,Rs. 599.00
Rs. 550.00,Rs. 550.00,Rs. 999.00
Rs. 899.00,Rs. 899.00,"Rs. 1,499.00"
Rs. 549.00,Rs. 549.00,"Rs. 1,199.00"
Rs. 549.00,Rs. 549.00,"Rs. 1,199.00"
Rs. 799.00,Rs. 799.00,Rs. 999.00
Rs. 799.00,Rs. 799.00,Rs. 999.00
Rs. 349.00,Rs. 349.00,Rs. 699.00
Rs. 349.00,Rs. 349.00,Rs. 699.00
Rs. 799.00,Rs. 799.00,Rs. 999.00
Rs. 799.00,Rs. 799.00,Rs. 999.00
Rs. 799.00,Rs. 799.00,Rs. 999.00
Rs. 799.00,Rs. 799.00,Rs. 999.00
Rs. 299.00,Rs. 299.00,Rs. 449.00
Rs. 299.00,Rs. 299.00,Rs. 449.00
Rs. 499.00,Rs. 499.00,Rs. 699.00
Rs. 499.00,Rs. 499.00,Rs. 699.00
Rs. 549.00,Rs. 549.00,Rs. 999.00
Rs. 549.00,Rs. 549.00,Rs. 999.00
Rs. 549.00,Rs. 549.00,Rs. 899.00
Rs. 549.00,Rs. 549.00,Rs. 899.00
Rs. 349.00,Rs. 349.00,Rs. 699.00
Rs. 349.00,Rs. 349.00,Rs. 699.00
Rs. 319.00,Rs. 319.00,Rs. 379.00
Rs. 319.00,Rs. 319.00,Rs. 379.00
Rs. 799.00,Rs. 799.00,Rs. 999.00
Rs. 799.00,Rs. 799.00,Rs. 999.00
Rs. 799.00,Rs. 799.00,Rs. 999.00
Rs. 799.00,Rs. 799.00,Rs. 999.00
Rs. 669.00,Rs. 669.00,Rs. 999.00
Rs. 669.00,Rs. 669.00,Rs. 999.00
Rs. 349.00,Rs. 349.00,Rs. 699.00
Rs. 349.00,Rs. 349.00,Rs. 699.00
Rs. 799.00,Rs. 799.00,Rs. 999.00
Rs. 799.00,Rs. 799.00,Rs. 999.00
Rs. 349.00,Rs. 349.00,Rs. 499.00
Rs. 349.00,Rs. 349.00,Rs. 499.00
"from Rs. 1,299.00","from Rs. 1,299.00","Rs. 1,699.00"
"from Rs. 1,299.00","from Rs. 1,299.00","Rs. 1,699.00"
"from Rs. 1,299.00","from Rs. 1,299.00","Rs. 1,699.00"
"from Rs. 1,299.00","from Rs. 1,299.00","Rs. 1,699.00"
"from Rs. 1,299.00","from Rs. 1,299.00","Rs. 1,499.00"
"from Rs. 1,299.00","from Rs. 1,299.00","Rs. 1,499.00"
"from Rs. 1,349.00","from Rs. 1,349.00","Rs. 1,899.00"
"from Rs. 1,349.00","from Rs. 1,349.00","Rs. 1,899.00"
Rs. 349.00,Rs. 349.00,Rs. 599.00
Rs. 349.00,Rs. 349.00,Rs. 599.00
Rs. 349.00,Rs. 349.00,Rs. 699.00
Rs. 349.00,Rs. 349.00,Rs. 699.00
"from Rs. 1,399.00","from Rs. 1,399.00","Rs. 1,699.00"
"from Rs. 1,399.00","from Rs. 1,399.00","Rs. 1,699.00"
Rs. 349.00,Rs. 349.00,Rs. 599.00
Rs. 550.00,Rs. 550.00,Rs. 999.00
Rs. 899.00,Rs. 899.00,"Rs. 1,499.00"
Rs. 349.00,Rs. 349.00,Rs. 599.00
Rs. 550.00,Rs. 550.00,Rs. 999.00
Rs. 899.00,Rs. 899.00,"Rs. 1,499.00"
Rs. 549.00,Rs. 549.00,"Rs. 1,199.00"
Rs. 549.00,Rs. 549.00,"Rs. 1,199.00"
Rs. 799.00,Rs. 799.00,Rs. 999.00
Rs. 799.00,Rs. 799.00,Rs. 999.00
Rs. 349.00,Rs. 349.00,Rs. 699.00
Rs. 349.00,Rs. 349.00,Rs. 699.00
Rs. 799.00,Rs. 799.00,Rs. 999.00
Rs. 799.00,Rs. 799.00,Rs. 999.00
Rs. 799.00,Rs. 799.00,Rs. 999.00
Rs. 799.00,Rs. 799.00,Rs. 999.00
Rs. 299.00,Rs. 299.00,Rs. 449.00
Rs. 299.00,Rs. 299.00,Rs. 449.00
Rs. 499.00,Rs. 499.00,Rs. 699.00
Rs. 499.00,Rs. 499.00,Rs. 699.00
Rs. 549.00,Rs. 549.00,Rs. 999.00
Rs. 549.00,Rs. 549.00,Rs. 999.00
Rs. 549.00,Rs. 549.00,Rs. 899.00
Rs. 549.00,Rs. 549.00,Rs. 899.00
Rs. 349.00,Rs. 349.00,Rs. 699.00
Rs. 349.00,Rs. 349.00,Rs. 699.00
Rs. 319.00,Rs. 319.00,Rs. 379.00
Rs. 319.00,Rs. 319.00,Rs. 379.00
Rs. 799.00,Rs. 799.00,Rs. 999.00
Rs. 799.00,Rs. 799.00,Rs. 999.00
Rs. 799.00,Rs. 799.00,Rs. 999.00
Rs. 799.00,Rs. 799.00,Rs. 999.00
Rs. 669.00,Rs. 669.00,Rs. 999.00
Rs. 669.00,Rs. 669.00,Rs. 999.00
Rs. 349.00,Rs. 349.00,Rs. 699.00
Rs. 349.00,Rs. 349.00,Rs. 699.00
Rs. 799.00,Rs. 799.00,Rs. 999.00
Rs. 799.00,Rs. 799.00,Rs. 999.00
Rs. 349.00,Rs. 349.00,Rs. 499.00
Rs. 349.00,Rs. 349.00,Rs. 499.00
"from Rs. 1,299.00","from Rs. 1,299.00","Rs. 1,699.00"
"from Rs. 1,299.00","from Rs. 1,299.00","Rs. 1,699.00"
"from Rs. 1,299.00","from Rs. 1,299.00","Rs. 1,699.00"
"from Rs. 1,299.00","from Rs. 1,299.00","Rs. 1,699.00"
"from Rs. 1,299.00","from Rs. 1,299.00","Rs. 1,499.00"
"from Rs. 1,299.00","from Rs. 1,299.00","Rs. 1,499.00"
"from Rs. 1,349.00","from Rs. 1,349.00","Rs. 1,899.00"
"from Rs. 1,349.00","from Rs. 1,349.00","Rs. 1,899.00"
Rs. 349.00,Rs. 349.00,Rs. 599.00
Rs. 349.00,Rs. 349.00,Rs. 599.00
Rs. 349.00,Rs. 349.00,Rs. 699.00
Rs. 349.00,Rs. 349.00,Rs. 699.00
"from Rs. 1,399.00","from Rs. 1,399.00","Rs. 1,699.00"
"from Rs. 1,399.00","from Rs. 1,399.00","Rs. 1,699.00"
Rs. 349.00,Rs. 349.00,Rs. 599.00
Rs. 550.00,Rs. 550.00,Rs. 999.00
Rs. 899.00,Rs. 899.00,"Rs. 1,499.00"
Rs. 349.00,Rs. 349.00,Rs. 599.00
Rs. 550.00,Rs. 550.00,Rs. 999.00
Rs. 899.00,Rs. 899.00,"Rs. 1,499.00"
Rs. 549.00,Rs. 549.00,"Rs. 1,199.00"
Rs. 549.00,Rs. 549.00,"Rs. 1,199.00"
Rs. 448.00,Rs. 448.00,Rs. 549.00
Rs. 448.00,Rs. 448.00,Rs. 549.00
Rs. 299.00,Rs. 299.00,Rs. 399.00
Rs. 299.00,Rs. 299.00,Rs. 399.00
Rs. 899.00,Rs. 899.00,"Rs. 1,499.00"
Rs. 899.00,Rs. 899.00,"Rs. 1,499.00"
Rs. 799.00,Rs. 799.00,"Rs. 1,199.00"
Rs. 799.00,Rs. 799.00,"Rs. 1,199.00"
Rs. 449.00,Rs. 449.00,Rs. 600.00
Rs. 449.00,Rs. 449.00,Rs. 600.00
Rs. 499.00,Rs. 499.00,Rs. 699.00
Rs. 499.00,Rs. 499.00,Rs. 699.00
Rs. 669.00,Rs. 669.00,Rs. 999.00
Rs. 669.00,Rs. 669.00,Rs. 999.00
Rs. 549.00,Rs. 549.00,Rs. 999.00
Rs. 549.00,Rs. 549.00,Rs. 999.00
Rs. 899.00,Rs. 899.00,"Rs. 1,199.00"
Rs. 899.00,Rs. 899.00,"Rs. 1,199.00"
Rs. 749.00,Rs. 749.00,"Rs. 1,099.00"
Rs. 749.00,Rs. 749.00,"Rs. 1,099.00"
Rs. 549.00,Rs. 549.00,Rs. 799.00
Rs. 549.00,Rs. 549.00,Rs. 799.00
Rs. 499.00,Rs. 499.00,Rs. 699.00
Rs. 499.00,Rs. 499.00,Rs. 699.00
Rs. 749.00,Rs. 749.00,"Rs. 1,399.00"
Rs. 749.00,Rs. 749.00,"Rs. 1,399.00"
Rs. 669.00,Rs. 669.00,Rs. 999.00
Rs. 669.00,Rs. 669.00,Rs. 999.00
Rs. 669.00,Rs. 669.00,Rs. 999.00
Rs. 669.00,Rs. 669.00,Rs. 999.00
Rs. 409.00,Rs. 409.00,Rs. 699.00
Rs. 409.00,Rs. 409.00,Rs. 699.00
Rs. 399.00,Rs. 399.00,Rs. 499.00
Rs. 399.00,Rs. 399.00,Rs. 499.00
Rs. 449.00,Rs. 449.00,Rs. 699.00
Rs. 449.00,Rs. 449.00,Rs. 699.00
Rs. 549.00,Rs. 549.00,"Rs. 1,199.00"
Rs. 549.00,Rs. 549.00,"Rs. 1,199.00"
"Rs. 1,099.00","Rs. 1,099.00","Rs. 1,499.00"
"Rs. 1,099.00","Rs. 1,099.00","Rs. 1,499.00"
Rs. 249.00,Rs. 249.00,Rs. 399.00
Rs. 249.00,Rs. 249.00,Rs. 399.00
Rs. 449.00,Rs. 449.00,Rs. 749.00
Rs. 449.00,Rs. 449.00,Rs. 749.00
Rs. 749.00,Rs. 749.00,"Rs. 1,199.00"
Rs. 749.00,Rs. 749.00,"Rs. 1,199.00"
Rs. 349.00,Rs. 349.00,Rs. 599.00
Rs. 550.00,Rs. 550.00,Rs. 999.00
Rs. 899.00,Rs. 899.00,"Rs. 1,499.00"
Rs. 349.00,Rs. 349.00,Rs. 599.00
Rs. 550.00,Rs. 550.00,Rs. 999.00
Rs. 899.00,Rs. 899.00,"Rs. 1,499.00"
Rs. 549.00,Rs. 549.00,"Rs. 1,199.00"
Rs. 549.00,Rs. 549.00,"Rs. 1,199.00"
Rs. 448.00,Rs. 448.00,Rs. 549.00
Rs. 448.00,Rs. 448.00,Rs. 549.00
Rs. 299.00,Rs. 299.00,Rs. 399.00
Rs. 299.00,Rs. 299.00,Rs. 399.00
Rs. 899.00,Rs. 899.00,"Rs. 1,499.00"
Rs. 899.00,Rs. 899.00,"Rs. 1,499.00"
Rs. 799.00,Rs. 799.00,"Rs. 1,199.00"
Rs. 799.00,Rs. 799.00,"Rs. 1,199.00"
Rs. 449.00,Rs. 449.00,Rs. 600.00
Rs. 449.00,Rs. 449.00,Rs. 600.00
Rs. 499.00,Rs. 499.00,Rs. 699.00
Rs. 499.00,Rs. 499.00,Rs. 699.00
Rs. 669.00,Rs. 669.00,Rs. 999.00
Rs. 669.00,Rs. 669.00,Rs. 999.00
Rs. 549.00,Rs. 549.00,Rs. 999.00
Rs. 549.00,Rs. 549.00,Rs. 999.00
Rs. 899.00,Rs. 899.00,"Rs. 1,199.00"
Rs. 899.00,Rs. 899.00,"Rs. 1,199.00"
Rs. 749.00,Rs. 749.00,"Rs. 1,099.00"
Rs. 749.00,Rs. 749.00,"Rs. 1,099.00"
Rs. 549.00,Rs. 549.00,Rs. 799.00
Rs. 549.00,Rs. 549.00,Rs. 799.00
Rs. 499.00,Rs. 499.00,Rs. 699.00
Rs. 499.00,Rs. 499.00,Rs. 699.00
Rs. 749.00,Rs. 749.00,"Rs. 1,399.00"
Rs. 749.00,Rs. 749.00,"Rs. 1,399.00"
Rs. 669.00,Rs. 669.00,Rs. 999.00
Rs. 669.00,Rs. 669.00,Rs. 999.00
Rs. 669.00,Rs. 669.00,Rs. 999.00
Rs. 669.00,Rs. 669.00,Rs. 999.00
Rs. 409.00,Rs. 409.00,Rs. 699.00
Rs. 409.00,Rs. 409.00,Rs. 699.00
Rs. 399.00,Rs. 399.00,Rs. 499.00
Rs. 399.00,Rs. 399.00,Rs. 499.00
Rs. 449.00,Rs. 449.00,Rs. 699.00
Rs. 449.00,Rs. 449.00,Rs. 699.00
Rs. 549.00,Rs. 549.00,"Rs. 1,199.00"
Rs. 549.00,Rs. 549.00,"Rs. 1,199.00"
"Rs. 1,099.00","Rs. 1,099.00","Rs. 1,499.00"
"Rs. 1,099.00","Rs. 1,099.00","Rs. 1,499.00"
Rs. 249.00,Rs. 249.00,Rs. 399.00
Rs. 249.00,Rs. 249.00,Rs. 399.00
Rs. 449.00,Rs. 449.00,Rs. 749.00
Rs. 449.00,Rs. 449.00,Rs. 749.00
Rs. 749.00,Rs. 749.00,"Rs. 1,199.00"
Rs. 749.00,Rs. 749.00,"Rs. 1,199.00"
Rs. 349.00,Rs. 349.00,Rs. 599.00
Rs. 550.00,Rs. 550.00,Rs. 999.00
Rs. 899.00,Rs. 899.00,"Rs. 1,499.00"
Rs. 349.00,Rs. 349.00,Rs. 599.00
Rs. 550.00,Rs. 550.00,Rs. 999.00
Rs. 899.00,Rs. 899.00,"Rs. 1,499.00"
Rs. 349.00,Rs. 349.00,Rs. 599.00
Rs. 349.00,Rs. 349.00,Rs. 599.00
Rs. 550.00,Rs. 550.00,Rs. 999.00
Rs. 550.00,Rs. 550.00,Rs. 999.00
Rs. 899.00,Rs. 899.00,"Rs. 1,499.00"
Rs. 899.00,Rs. 899.00,"Rs. 1,499.00"
Rs. 449.00,Rs. 449.00,Rs. 999.00
Rs. 449.00,Rs. 449.00,Rs. 999.00
Rs. 850.00,Rs. 850.00,"Rs. 1,499.00"
Rs. 850.00,Rs. 850.00,"Rs. 1,499.00"
"Rs. 1,349.00","Rs. 1,349.00","Rs. 2,299.00"
"Rs. 1,349.00","Rs. 1,349.00","Rs. 2,299.00"
Rs. 899.00,Rs. 899.00,"Rs. 1,899.00"
Rs. 899.00,Rs. 899.00,"Rs. 1,899.00"
Rs. 850.00,Rs. 850.00,"Rs. 1,499.00"
Rs. 850.00,Rs. 850.00,"Rs. 1,499.00"
Rs. 850.00,Rs. 850.00,"Rs. 1,499.00"
Rs. 850.00,Rs. 850.00,"Rs. 1,499.00"
Rs. 850.00,Rs. 850.00,"Rs. 1,499.00"
Rs. 850.00,Rs. 850.00,"Rs. 1,499.00"
Rs. 850.00,Rs. 850.00,"Rs. 1,499.00"
Rs. 850.00,Rs. 850.00,"Rs. 1,499.00"
Rs. 899.00,Rs. 899.00,"Rs. 1,499.00"
Rs. 899.00,Rs. 899.00,"Rs. 1,499.00"
Rs. 899.00,Rs. 899.00,"Rs. 1,499.00"
Rs. 899.00,Rs. 899.00,"Rs. 1,499.00"
Rs. 349.00,Rs. 349.00,Rs. 599.00
Rs. 550.00,Rs. 550.00,Rs. 999.00
Rs. 899.00,Rs. 899.00,"Rs. 1,499.00"
Rs. 349.00,Rs. 349.00,Rs. 599.00
Rs. 550.00,Rs. 550.00,Rs. 999.00
Rs. 899.00,Rs. 899.00,"Rs. 1,499.00"
Rs. 349.00,Rs. 349.00,Rs. 599.00
Rs. 349.00,Rs. 349.00,Rs. 599.00
Rs. 550.00,Rs. 550.00,Rs. 999.00
Rs. 550.00,Rs. 550.00,Rs. 999.00
Rs. 899.00,Rs. 899.00,"Rs. 1,499.00"
Rs. 899.00,Rs. 899.00,"Rs. 1,499.00"
Rs. 449.00,Rs. 449.00,Rs. 999.00
Rs. 449.00,Rs. 449.00,Rs. 999.00
Rs. 850.00,Rs. 850.00,"Rs. 1,499.00"
Rs. 850.00,Rs. 850.00,"Rs. 1,499.00"
"Rs. 1,349.00","Rs. 1,349.00","Rs. 2,299.00"
"Rs. 1,349.00","Rs. 1,349.00","Rs. 2,299.00"
Rs. 899.00,Rs. 899.00,"Rs. 1,899.00"
Rs. 899.00,Rs. 899.00,"Rs. 1,899.00"
Rs. 850.00,Rs. 850.00,"Rs. 1,499.00"
Rs. 850.00,Rs. 850.00,"Rs. 1,499.00"
Rs. 850.00,Rs. 850.00,"Rs. 1,499.00"
Rs. 850.00,Rs. 850.00,"Rs. 1,499.00"
Rs. 850.00,Rs. 850.00,"Rs. 1,499.00"
Rs. 850.00,Rs. 850.00,"Rs. 1,499.00"
Rs. 850.00,Rs. 850.00,"Rs. 1,499.00"
Rs. 850.00,Rs. 850.00,"Rs. 1,499.00"
Rs. 899.00,Rs. 899.00,"Rs. 1,499.00"
Rs. 899.00,Rs. 899.00,"Rs. 1,499.00"
Rs. 899.00,Rs. 899.00,"Rs. 1,499.00"
Rs. 899.00,Rs. 899.00,"Rs. 1,499.00"
Rs. 349.00,Rs. 349.00,Rs. 599.00
Rs. 550.00,Rs. 550.00,Rs. 999.00
Rs. 899.00,Rs. 899.00,"Rs. 1,499.00"
Rs. 349.00,Rs. 349.00,Rs. 599.00
Rs. 550.00,Rs. 550.00,Rs. 999.00
Rs. 899.00,Rs. 899.00,"Rs. 1,499.00"
Rs. 419.00,Rs. 419.00,Rs. 599.00
Rs. 419.00,Rs. 419.00,Rs. 599.00
Rs. 749.00,Rs. 749.00,"Rs. 1,199.00"
Rs. 749.00,Rs. 749.00,"Rs. 1,199.00"
Rs. 549.00,Rs. 549.00,Rs. 999.00
Rs. 549.00,Rs. 549.00,Rs. 999.00
Rs. 350.00,Rs. 350.00,Rs. 599.00
Rs. 350.00,Rs. 350.00,Rs. 599.00
Rs. 450.00,Rs. 450.00,Rs. 799.00
Rs. 450.00,Rs. 450.00,Rs. 799.00
Rs. 399.00,Rs. 399.00,Rs. 599.00
Rs. 399.00,Rs. 399.00,Rs. 599.00
"Rs. 1,899.00","Rs. 1,899.00","Rs. 1,999.00"
"Rs. 1,899.00","Rs. 1,899.00","Rs. 1,999.00"
"Rs. 1,899.00","Rs. 1,899.00","Rs. 1,999.00"
"Rs. 1,899.00","Rs. 1,899.00","Rs. 1,999.00"
Rs. 669.00,Rs. 669.00,Rs. 999.00
Rs. 669.00,Rs. 669.00,Rs. 999.00
Rs. 399.00,Rs. 399.00,Rs. 599.00
Rs. 399.00,Rs. 399.00,Rs. 599.00
Rs. 350.00,Rs. 350.00,Rs. 599.00
Rs. 350.00,Rs. 350.00,Rs. 599.00
"Rs. 1,899.00","Rs. 1,899.00","Rs. 1,999.00"
"Rs. 1,899.00","Rs. 1,899.00","Rs. 1,999.00"
Rs. 450.00,Rs. 450.00,Rs. 799.00
Rs. 450.00,Rs. 450.00,Rs. 799.00
Rs. 350.00,Rs. 350.00,Rs. 599.00
Rs. 350.00,Rs. 350.00,Rs. 599.00
Rs. 350.00,Rs. 350.00,Rs. 599.00
Rs. 350.00,Rs. 350.00,Rs. 599.00
"Rs. 1,999.00","Rs. 1,999.00","Rs. 2,599.00"
"Rs. 1,999.00","Rs. 1,999.00","Rs. 2,599.00"
Rs. 350.00,Rs. 350.00,Rs. 599.00
Rs. 350.00,Rs. 350.00,Rs. 599.00
"Rs. 1,599.00","Rs. 1,599.00","Rs. 1,799.00"
"Rs. 1,599.00","Rs. 1,599.00","Rs. 1,799.00"
"Rs. 1,599.00","Rs. 1,599.00","Rs. 1,799.00"
"Rs. 1,599.00","Rs. 1,599.00","Rs. 1,799.00"
"Rs. 1,599.00","Rs. 1,599.00","Rs. 1,799.00"
"Rs. 1,599.00","Rs. 1,599.00","Rs. 1,799.00"
"Rs. 1,899.00","Rs. 1,899.00","Rs. 1,999.00"
"Rs. 1,899.00","Rs. 1,899.00","Rs. 1,999.00"
Rs. 500.00,Rs. 500.00,Rs. 899.00
Rs. 500.00,Rs. 500.00,Rs. 899.00
Rs. 300.00,Rs. 300.00,Rs. 499.00
Rs. 300.00,Rs. 300.00,Rs. 499.00
Rs. 350.00,Rs. 350.00,Rs. 599.00
Rs. 350.00,Rs. 350.00,Rs. 599.00
Rs. 349.00,Rs. 349.00,Rs. 599.00
Rs. 550.00,Rs. 550.00,Rs. 999.00
Rs. 899.00,Rs. 899.00,"Rs. 1,499.00"
Rs. 349.00,Rs. 349.00,Rs. 599.00
Rs. 550.00,Rs. 550.00,Rs. 999.00
Rs. 899.00,Rs. 899.00,"Rs. 1,499.00"
Rs. 419.00,Rs. 419.00,Rs. 599.00
Rs. 419.00,Rs. 419.00,Rs. 599.00
Rs. 749.00,Rs. 749.00,"Rs. 1,199.00"
Rs. 749.00,Rs. 749.00,"Rs. 1,199.00"
Rs. 549.00,Rs. 549.00,Rs. 999.00
Rs. 549.00,Rs. 549.00,Rs. 999.00
Rs. 350.00,Rs. 350.00,Rs. 599.00
Rs. 350.00,Rs. 350.00,Rs. 599.00
Rs. 450.00,Rs. 450.00,Rs. 799.00
Rs. 450.00,Rs. 450.00,Rs. 799.00
Rs. 399.00,Rs. 399.00,Rs. 599.00
Rs. 399.00,Rs. 399.00,Rs. 599.00
"Rs. 1,899.00","Rs. 1,899.00","Rs. 1,999.00"
"Rs. 1,899.00","Rs. 1,899.00","Rs. 1,999.00"
"Rs. 1,899.00","Rs. 1,899.00","Rs. 1,999.00"
"Rs. 1,899.00","Rs. 1,899.00","Rs. 1,999.00"
Rs. 669.00,Rs. 669.00,Rs. 999.00
Rs. 669.00,Rs. 669.00,Rs. 999.00
Rs. 399.00,Rs. 399.00,Rs. 599.00
Rs. 399.00,Rs. 399.00,Rs. 599.00
Rs. 350.00,Rs. 350.00,Rs. 599.00
Rs. 350.00,Rs. 350.00,Rs. 599.00
"Rs. 1,899.00","Rs. 1,899.00","Rs. 1,999.00"
"Rs. 1,899.00","Rs. 1,899.00","Rs. 1,999.00"
Rs. 450.00,Rs. 450.00,Rs. 799.00
Rs. 450.00,Rs. 450.00,Rs. 799.00
Rs. 350.00,Rs. 350.00,Rs. 599.00
Rs. 350.00,Rs. 350.00,Rs. 599.00
Rs. 350.00,Rs. 350.00,Rs. 599.00
Rs. 350.00,Rs. 350.00,Rs. 599.00
"Rs. 1,999.00","Rs. 1,999.00","Rs. 2,599.00"
"Rs. 1,999.00","Rs. 1,999.00","Rs. 2,599.00"
Rs. 350.00,Rs. 350.00,Rs. 599.00
Rs. 350.00,Rs. 350.00,Rs. 599.00
"Rs. 1,599.00","Rs. 1,599.00","Rs. 1,799.00"
"Rs. 1,599.00","Rs. 1,599.00","Rs. 1,799.00"
"Rs. 1,599.00","Rs. 1,599.00","Rs. 1,799.00"
"Rs. 1,599.00","Rs. 1,599.00","Rs. 1,799.00"
"Rs. 1,599.00","Rs. 1,599.00","Rs. 1,799.00"
"Rs. 1,599.00","Rs. 1,599.00","Rs. 1,799.00"
"Rs. 1,899.00","Rs. 1,899.00","Rs. 1,999.00"
"Rs. 1,899.00","Rs. 1,899.00","Rs. 1,999.00"
Rs. 500.00,Rs. 500.00,Rs. 899.00
Rs. 500.00,Rs. 500.00,Rs. 899.00
Rs. 300.00,Rs. 300.00,Rs. 499.00
Rs. 300.00,Rs. 300.00,Rs. 499.00
Rs. 350.00,Rs. 350.00,Rs. 599.00
Rs. 350.00,Rs. 350.00,Rs. 599.00
Rs. 349.00,Rs. 349.00,Rs. 599.00
Rs. 550.00,Rs. 550.00,Rs. 999.00
Rs. 899.00,Rs. 899.00,"Rs. 1,499.00"
Rs. 349.00,Rs. 349.00,Rs. 599.00
Rs. 550.00,Rs. 550.00,Rs. 999.00
Rs. 899.00,Rs. 899.00,"Rs. 1,499.00"
Rs. 349.00,Rs. 349.00,Rs. 699.00
Rs. 349.00,Rs. 349.00,Rs. 699.00
Rs. 349.00,Rs. 349.00,Rs. 699.00
Rs. 349.00,Rs. 349.00,Rs. 699.00
Rs. 499.00,Rs. 499.00,Rs. 699.00
Rs. 499.00,Rs. 499.00,Rs. 699.00
Rs. 349.00,Rs. 349.00,Rs. 699.00
Rs. 349.00,Rs. 349.00,Rs. 699.00
Rs. 449.00,Rs. 449.00,Rs. 749.00
Rs. 449.00,Rs. 449.00,Rs. 749.00
Rs. 349.00,Rs. 349.00,Rs. 599.00
Rs. 349.00,Rs. 349.00,Rs. 599.00
Rs. 349.00,Rs. 349.00,Rs. 699.00
Rs. 349.00,Rs. 349.00,Rs. 699.00
Rs. 349.00,Rs. 349.00,Rs. 599.00
Rs. 349.00,Rs. 349.00,Rs. 599.00
Rs. 550.00,Rs. 550.00,Rs. 999.00
Rs. 550.00,Rs. 550.00,Rs. 999.00
Rs. 349.00,Rs. 349.00,Rs. 499.00
Rs. 349.00,Rs. 349.00,Rs. 499.00
Rs. 619.00,Rs. 619.00,"Rs. 1,099.00"
Rs. 619.00,Rs. 619.00,"Rs. 1,099.00"
Rs. 499.00,Rs. 499.00,Rs. 749.00
Rs. 499.00,Rs. 499.00,Rs. 749.00
Rs. 349.00,Rs. 349.00,Rs. 499.00
Rs. 349.00,Rs. 349.00,Rs. 499.00
Rs. 349.00,Rs. 349.00,Rs. 599.00
Rs. 349.00,Rs. 349.00,Rs. 599.00
Rs. 799.00,Rs. 799.00,Rs. 999.00
Rs. 799.00,Rs. 799.00,Rs. 999.00
Rs. 549.00,Rs. 549.00,Rs. 799.00
Rs. 549.00,Rs. 549.00,Rs. 799.00
Rs. 799.00,Rs. 799.00,"Rs. 1,199.00"
Rs. 799.00,Rs. 799.00,"Rs. 1,199.00"
Rs. 349.00,Rs. 349.00,Rs. 499.00
Rs. 349.00,Rs. 349.00,Rs. 499.00
Rs. 349.00,Rs. 349.00,Rs. 599.00
Rs. 349.00,Rs. 349.00,Rs. 599.00
Rs. 349.00,Rs. 349.00,Rs. 599.00
Rs. 349.00,Rs. 349.00,Rs. 599.00
Rs. 349.00,Rs. 349.00,Rs. 599.00
Rs. 349.00,Rs. 349.00,Rs. 599.00
Rs. 419.00,Rs. 419.00,Rs. 799.00
Rs. 419.00,Rs. 419.00,Rs. 799.00
Rs. 419.00,Rs. 419.00,Rs. 899.00
Rs. 419.00,Rs. 419.00,Rs. 899.00
Rs. 349.00,Rs. 349.00,Rs. 499.00
Rs. 349.00,Rs. 349.00,Rs. 499.00
Rs. 349.00,Rs. 349.00,Rs. 599.00
Rs. 550.00,Rs. 550.00,Rs. 999.00
Rs. 899.00,Rs. 899.00,"Rs. 1,499.00"
Rs. 349.00,Rs. 349.00,Rs. 599.00
Rs. 550.00,Rs. 550.00,Rs. 999.00
Rs. 899.00,Rs. 899.00,"Rs. 1,499.00"
Rs. 349.00,Rs. 349.00,Rs. 699.00
Rs. 349.00,Rs. 349.00,Rs. 699.00
Rs. 349.00,Rs. 349.00,Rs. 699.00
Rs. 349.00,Rs. 349.00,Rs. 699.00
Rs. 499.00,Rs. 499.00,Rs. 699.00
Rs. 499.00,Rs. 499.00,Rs. 699.00
Rs. 349.00,Rs. 349.00,Rs. 699.00
Rs. 349.00,Rs. 349.00,Rs. 699.00
Rs. 449.00,Rs. 449.00,Rs. 749.00
Rs. 449.00,Rs. 449.00,Rs. 749.00
Rs. 349.00,Rs. 349.00,Rs. 599.00
Rs. 349.00,Rs. 349.00,Rs. 599.00
Rs. 349.00,Rs. 349.00,Rs. 699.00
Rs. 349.00,Rs. 349.00,Rs. 699.00
Rs. 349.00,Rs. 349.00,Rs. 599.00
Rs. 349.00,Rs. 349.00,Rs. 599.00
Rs. 550.00,Rs. 550.00,Rs. 999.00
Rs. 550.00,Rs. 550.00,Rs. 999.00
Rs. 349.00,Rs. 349.00,Rs. 499.00
Rs. 349.00,Rs. 349.00,Rs. 499.00
Rs. 619.00,Rs. 619.00,"Rs. 1,099.00"
Rs. 619.00,Rs. 619.00,"Rs. 1,099.00"
Rs. 499.00,Rs. 499.00,Rs. 749.00
Rs. 499.00,Rs. 499.00,Rs. 749.00
Rs. 349.00,Rs. 349.00,Rs. 499.00
Rs. 349.00,Rs. 349.00,Rs. 499.00
Rs. 349.00,Rs. 349.00,Rs. 599.00
Rs. 349.00,Rs. 349.00,Rs. 599.00
Rs. 799.00,Rs. 799.00,Rs. 999.00
Rs. 799.00,Rs. 799.00,Rs. 999.00
Rs. 549.00,Rs. 549.00,Rs. 799.00
Rs. 549.00,Rs. 549.00,Rs. 799.00
Rs. 799.00,Rs. 799.00,"Rs. 1,199.00"
Rs. 799.00,Rs. 799.00,"Rs. 1,199.00"
Rs. 349.00,Rs. 349.00,Rs. 499.00
Rs. 349.00,Rs. 349.00,Rs. 499.00
Rs. 349.00,Rs. 349.00,Rs. 599.00
Rs. 349.00,Rs. 349.00,Rs. 599.00
Rs. 349.00,Rs. 349.00,Rs. 599.00
Rs. 349.00,Rs. 349.00,Rs. 599.00
Rs. 349.00,Rs. 349.00,Rs. 599.00
Rs. 349.00,Rs. 349.00,Rs. 599.00
Rs. 419.00,Rs. 419.00,Rs. 799.00
Rs. 419.00,Rs. 419.00,Rs. 799.00
Rs. 419.00,Rs. 419.00,Rs. 899.00
Rs. 419.00,Rs. 419.00,Rs. 899.00
Rs. 349.00,Rs. 349.00,Rs. 499.00
Rs. 349.00,Rs. 349.00,Rs. 499.00
Rs. 349.00,Rs. 349.00,Rs. 599.00
Rs. 550.00,Rs. 550.00,Rs. 999.00
Rs. 899.00,Rs. 899.00,"Rs. 1,499.00"
Rs. 349.00,Rs. 349.00,Rs. 599.00
Rs. 550.00,Rs. 550.00,Rs. 999.00
Rs. 899.00,Rs. 899.00,"Rs. 1,499.00"
Rs. 349.00,Rs. 349.00,Rs. 599.00
Rs. 550.00,Rs. 550.00,Rs. 999.00
Rs. 899.00,Rs. 899.00,"Rs. 1,499.00"
Rs. 349.00,Rs. 349.00,Rs. 599.00
Rs. 550.00,Rs. 550.00,Rs. 999.00
Rs. 899.00,Rs. 899.00,"Rs. 1,499.00"
Rs. 399.00,Rs. 399.00,Rs. 599.00
Rs. 399.00,Rs. 399.00,Rs. 599.00
Rs. 399.00,Rs. 399.00,Rs. 599.00
Rs. 399.00,Rs. 399.00,Rs. 599.00
Rs. 549.00,Rs. 549.00,"Rs. 1,199.00"
Rs. 549.00,Rs. 549.00,"Rs. 1,199.00"
Rs. 448.00,Rs. 448.00,Rs. 549.00
Rs. 448.00,Rs. 448.00,Rs. 549.00
Rs. 799.00,Rs. 799.00,"Rs. 1,199.00"
Rs. 799.00,Rs. 799.00,"Rs. 1,199.00"
Rs. 899.00,Rs. 899.00,"Rs. 1,499.00"
Rs. 899.00,Rs. 899.00,"Rs. 1,499.00"
Rs. 749.00,Rs. 749.00,"Rs. 1,399.00"
Rs. 749.00,Rs. 749.00,"Rs. 1,399.00"
Rs. 549.00,Rs. 549.00,Rs. 999.00
Rs. 549.00,Rs. 549.00,Rs. 999.00
Rs. 549.00,Rs. 549.00,Rs. 999.00
Rs. 549.00,Rs. 549.00,Rs. 999.00
Rs. 399.00,Rs. 399.00,Rs. 799.00
Rs. 399.00,Rs. 399.00,Rs. 799.00
Rs. 399.00,Rs. 399.00,Rs. 599.00
Rs. 399.00,Rs. 399.00,Rs. 599.00
Rs. 399.00,Rs. 399.00,Rs. 599.00
Rs. 399.00,Rs. 399.00,Rs. 599.00
Rs. 349.00,Rs. 349.00,Rs. 499.00
Rs. 349.00,Rs. 349.00,Rs. 499.00
Rs. 349.00,Rs. 349.00,Rs. 699.00
Rs. 349.00,Rs. 349.00,Rs. 699.00
Rs. 349.00,Rs. 349.00,Rs. 699.00
Rs. 349.00,Rs. 349.00,Rs. 699.00
Rs. 349.00,Rs. 349.00,Rs. 699.00
Rs. 349.00,Rs. 349.00,Rs. 699.00
Rs. 349.00,Rs. 349.00,Rs. 699.00
Rs. 349.00,Rs. 349.00,Rs. 699.00
Rs. 670.00,Rs. 670.00,"Rs. 1,199.00"
Rs. 670.00,Rs. 670.00,"Rs. 1,199.00"
"from Rs. 1,299.00","from Rs. 1,299.00","Rs. 1,699.00"
"from Rs. 1,299.00","from Rs. 1,299.00","Rs. 1,699.00"
"from Rs. 1,299.00","from Rs. 1,299.00","Rs. 1,699.00"
"from Rs. 1,299.00","from Rs. 1,299.00","Rs. 1,699.00"
"from Rs. 1,299.00","from Rs. 1,299.00","Rs. 1,699.00"
"from Rs. 1,299.00","from Rs. 1,299.00","Rs. 1,699.00"
"Rs. 1,499.00","Rs. 1,499.00","Rs. 1,799.00"
"Rs. 1,499.00","Rs. 1,499.00","Rs. 1,799.00"
Rs. 499.00,Rs. 499.00,Rs. 899.00
Rs. 499.00,Rs. 499.00,Rs. 899.00
Rs. 549.00,Rs. 549.00,Rs. 999.00
Rs. 549.00,Rs. 549.00,Rs. 999.00
Rs. 349.00,Rs. 349.00,Rs. 599.00
Rs. 550.00,Rs. 550.00,Rs. 999.00
Rs. 899.00,Rs. 899.00,"Rs. 1,499.00"
Rs. 349.00,Rs. 349.00,Rs. 599.00
Rs. 550.00,Rs. 550.00,Rs. 999.00
Rs. 899.00,Rs. 899.00,"Rs. 1,499.00"
Rs. 399.00,Rs. 399.00,Rs. 599.00
Rs. 399.00,Rs. 399.00,Rs. 599.00
Rs. 399.00,Rs. 399.00,Rs. 599.00
Rs. 399.00,Rs. 399.00,Rs. 599.00
Rs. 549.00,Rs. 549.00,"Rs. 1,199.00"
Rs. 549.00,Rs. 549.00,"Rs. 1,199.00"
Rs. 448.00,Rs. 448.00,Rs. 549.00
Rs. 448.00,Rs. 448.00,Rs. 549.00
Rs. 799.00,Rs. 799.00,"Rs. 1,199.00"
Rs. 799.00,Rs. 799.00,"Rs. 1,199.00"
Rs. 899.00,Rs. 899.00,"Rs. 1,499.00"
Rs. 899.00,Rs. 899.00,"Rs. 1,499.00"
Rs. 749.00,Rs. 749.00,"Rs. 1,399.00"
Rs. 749.00,Rs. 749.00,"Rs. 1,399.00"
Rs. 549.00,Rs. 549.00,Rs. 999.00
Rs. 549.00,Rs. 549.00,Rs. 999.00
Rs. 549.00,Rs. 549.00,Rs. 999.00
Rs. 549.00,Rs. 549.00,Rs. 999.00
Rs. 399.00,Rs. 399.00,Rs. 799.00
Rs. 399.00,Rs. 399.00,Rs. 799.00
Rs. 399.00,Rs. 399.00,Rs. 599.00
Rs. 399.00,Rs. 399.00,Rs. 599.00
Rs. 399.00,Rs. 399.00,Rs. 599.00
Rs. 399.00,Rs. 399.00,Rs. 599.00
Rs. 349.00,Rs. 349.00,Rs. 499.00
Rs. 349.00,Rs. 349.00,Rs. 499.00
Rs. 349.00,Rs. 349.00,Rs. 699.00
Rs. 349.00,Rs. 349.00,Rs. 699.00
Rs. 349.00,Rs. 349.00,Rs. 699.00
Rs. 349.00,Rs. 349.00,Rs. 699.00
Rs. 349.00,Rs. 349.00,Rs. 699.00
Rs. 349.00,Rs. 349.00,Rs. 699.00
Rs. 349.00,Rs. 349.00,Rs. 699.00
Rs. 349.00,Rs. 349.00,Rs. 699.00
Rs. 670.00,Rs. 670.00,"Rs. 1,199.00"
Rs. 670.00,Rs. 670.00,"Rs. 1,199.00"
"from Rs. 1,299.00","from Rs. 1,299.00","Rs. 1,699.00"
"from Rs. 1,299.00","from Rs. 1,299.00","Rs. 1,699.00"
"from Rs. 1,299.00","from Rs. 1,299.00","Rs. 1,699.00"
"from Rs. 1,299.00","from Rs. 1,299.00","Rs. 1,699.00"
"from Rs. 1,299.00","from Rs. 1,299.00","Rs. 1,699.00"
"from Rs. 1,299.00","from Rs. 1,299.00","Rs. 1,699.00"
"Rs. 1,499.00","Rs. 1,499.00","Rs. 1,799.00"
"Rs. 1,499.00","Rs. 1,499.00","Rs. 1,799.00"
Rs. 499.00,Rs. 499.00,Rs. 899.00
Rs. 499.00,Rs. 499.00,Rs. 899.00
Rs. 549.00,Rs. 549.00,Rs. 999.00
Rs. 549.00,Rs. 549.00,Rs. 999.00
Rs. 349.00,Rs. 349.00,Rs. 599.00
Rs. 550.00,Rs. 550.00,Rs. 999.00
Rs. 899.00,Rs. 899.00,"Rs. 1,499.00"
Rs. 349.00,Rs. 349.00,Rs. 599.00
Rs. 550.00,Rs. 550.00,Rs. 999.00
Rs. 899.00,Rs. 899.00,"Rs. 1,499.00"
Rs. 299.00,Rs. 299.00,Rs. 399.00
Rs. 299.00,Rs. 299.00,Rs. 399.00
Rs. 549.00,Rs. 549.00,Rs. 799.00
Rs. 549.00,Rs. 549.00,Rs. 799.00
Rs. 349.00,Rs. 349.00,Rs. 699.00
Rs. 349.00,Rs. 349.00,Rs. 699.00
Rs. 850.00,Rs. 850.00,"Rs. 1,299.00"
Rs. 850.00,Rs. 850.00,"Rs. 1,299.00"
Rs. 349.00,Rs. 349.00,Rs. 499.00
Rs. 349.00,Rs. 349.00,Rs. 499.00
Rs. 350.00,Rs. 350.00,Rs. 599.00
Rs. 350.00,Rs. 350.00,Rs. 599.00
Rs. 669.00,Rs. 669.00,Rs. 999.00
Rs. 669.00,Rs. 669.00,Rs. 999.00
Rs. 350.00,Rs. 350.00,Rs. 599.00
Rs. 350.00,Rs. 350.00,Rs. 599.00
Rs. 899.00,Rs. 899.00,"Rs. 1,499.00"
Rs. 899.00,Rs. 899.00,"Rs. 1,499.00"
"Rs. 1,599.00","Rs. 1,599.00","Rs. 1,799.00"
"Rs. 1,599.00","Rs. 1,599.00","Rs. 1,799.00"
Rs. 350.00,Rs. 350.00,Rs. 599.00
Rs. 350.00,Rs. 350.00,Rs. 599.00
Rs. 350.00,Rs. 350.00,Rs. 599.00
Rs. 350.00,Rs. 350.00,Rs. 599.00
Rs. 450.00,Rs. 450.00,Rs. 799.00
Rs. 450.00,Rs. 450.00,Rs. 799.00
Rs. 500.00,Rs. 500.00,Rs. 899.00
Rs. 500.00,Rs. 500.00,Rs. 899.00
Rs. 349.00,Rs. 349.00,Rs. 599.00
Rs. 550.00,Rs. 550.00,Rs. 999.00
Rs. 899.00,Rs. 899.00,"Rs. 1,499.00"
Rs. 349.00,Rs. 349.00,Rs. 599.00
Rs. 550.00,Rs. 550.00,Rs. 999.00
Rs. 899.00,Rs. 899.00,"Rs. 1,499.00"
Rs. 299.00,Rs. 299.00,Rs. 399.00
Rs. 299.00,Rs. 299.00,Rs. 399.00
Rs. 549.00,Rs. 549.00,Rs. 799.00
Rs. 549.00,Rs. 549.00,Rs. 799.00
Rs. 349.00,Rs. 349.00,Rs. 699.00
Rs. 349.00,Rs. 349.00,Rs. 699.00
Rs. 850.00,Rs. 850.00,"Rs. 1,299.00"
Rs. 850.00,Rs. 850.00,"Rs. 1,299.00"
Rs. 349.00,Rs. 349.00,Rs. 499.00
Rs. 349.00,Rs. 349.00,Rs. 499.00
Rs. 350.00,Rs. 350.00,Rs. 599.00
Rs. 350.00,Rs. 350.00,Rs. 599.00
Rs. 669.00,Rs. 669.00,Rs. 999.00
Rs. 669.00,Rs. 669.00,Rs. 999.00
Rs. 350.00,Rs. 350.00,Rs. 599.00
Rs. 350.00,Rs. 350.00,Rs. 599.00
Rs. 899.00,Rs. 899.00,"Rs. 1,499.00"
Rs. 899.00,Rs. 899.00,"Rs. 1,499.00"
"Rs. 1,599.00","Rs. 1,599.00","Rs. 1,799.00"
"Rs. 1,599.00","Rs. 1,599.00","Rs. 1,799.00"
Rs. 350.00,Rs. 350.00,Rs. 599.00
Rs. 350.00,Rs. 350.00,Rs. 599.00
Rs. 350.00,Rs. 350.00,Rs. 599.00
Rs. 350.00,Rs. 350.00,Rs. 599.00
Rs. 450.00,Rs. 450.00,Rs. 799.00
Rs. 450.00,Rs. 450.00,Rs. 799.00
Rs. 500.00,Rs. 500.00,Rs. 899.00
Rs. 500.00,Rs. 500.00,Rs. 899.00
Rs. 349.00,Rs. 349.00,Rs. 599.00
Rs. 550.00,Rs. 550.00,Rs. 999.00
Rs. 899.00,Rs. 899.00,"Rs. 1,499.00"
Rs. 349.00,Rs. 349.00,Rs. 599.00
Rs. 550.00,Rs. 550.00,Rs. 999.00
Rs. 899.00,Rs. 899.00,"Rs. 1,499.00"
"from Rs. 1,299.00","from Rs. 1,299.00","Rs. 1,699.00"
"from Rs. 1,299.00","from Rs. 1,299.00","Rs. 1,699.00"
"from Rs. 1,299.00","from Rs. 1,299.00","Rs. 1,699.00"
"from Rs. 1,299.00","from Rs. 1,299.00","Rs. 1,699.00"
"from Rs. 1,299.00","from Rs. 1,299.00","Rs. 1,499.00"
"from Rs. 1,299.00","from Rs. 1,299.00","Rs. 1,499.00"
"from Rs. 1,349.00","from Rs. 1,349.00","Rs. 1,899.00"
"from Rs. 1,349.00","from Rs. 1,349.00","Rs. 1,899.00"
"from Rs. 1,349.00","from Rs. 1,349.00","Rs. 1,899.00"
"from Rs. 1,349.00","from Rs. 1,349.00","Rs. 1,899.00"
"from Rs. 1,399.00","from Rs. 1,399.00","Rs. 1,699.00"
"from Rs. 1,399.00","from Rs. 1,399.00","Rs. 1,699.00"
"from Rs. 1,349.00","from Rs. 1,349.00","Rs. 1,899.00"
"from Rs. 1,349.00","from Rs. 1,349.00","Rs. 1,899.00"
"from Rs. 1,299.00","from Rs. 1,299.00","Rs. 1,699.00"
"from Rs. 1,299.00","from Rs. 1,299.00","Rs. 1,699.00"
"from Rs. 1,299.00","from Rs. 1,299.00","Rs. 1,699.00"
"from Rs. 1,299.00","from Rs. 1,299.00","Rs. 1,699.00"
"from Rs. 1,349.00","from Rs. 1,349.00","Rs. 1,899.00"
"from Rs. 1,349.00","from Rs. 1,349.00","Rs. 1,899.00"
"from Rs. 1,299.00","from Rs. 1,299.00","Rs. 1,699.00"
"from Rs. 1,299.00","from Rs. 1,299.00","Rs. 1,699.00"
"from Rs. 1,299.00","from Rs. 1,299.00","Rs. 1,699.00"
"from Rs. 1,299.00","from Rs. 1,299.00","Rs. 1,699.00"
"from Rs. 1,299.00","from Rs. 1,299.00","Rs. 1,699.00"
"from Rs. 1,299.00","from Rs. 1,299.00","Rs. 1,699.00"
"from Rs. 1,299.00","from Rs. 1,299.00","Rs. 1,699.00"
"from Rs. 1,299.00","from Rs. 1,299.00","Rs. 1,699.00"
"from Rs. 1,299.00","from Rs. 1,299.00","Rs. 1,699.00"
"from Rs. 1,299.00","from Rs. 1,299.00","Rs. 1,699.00"
"from Rs. 1,299.00","from Rs. 1,299.00","Rs. 1,699.00"
"from Rs. 1,299.00","from Rs. 1,299.00","Rs. 1,699.00"
"from Rs. 1,349.00","from Rs. 1,349.00","Rs. 1,899.00"
"from Rs. 1,349.00","from Rs. 1,349.00","Rs. 1,899.00"
"from Rs. 1,299.00","from Rs. 1,299.00","Rs. 1,699.00"
"from Rs. 1,299.00","from Rs. 1,299.00","Rs. 1,699.00"
"from Rs. 1,299.00","from Rs. 1,299.00","Rs. 1,699.00"
"from Rs. 1,299.00","from Rs. 1,299.00","Rs. 1,699.00"
"from Rs. 1,299.00","from Rs. 1,299.00","Rs. 1,699.00"
"from Rs. 1,299.00","from Rs. 1,299.00","Rs. 1,699.00"
"from Rs. 1,299.00","from Rs. 1,299.00","Rs. 1,499.00"
"from Rs. 1,299.00","from Rs. 1,299.00","Rs. 1,499.00"
"from Rs. 1,299.00","from Rs. 1,299.00","Rs. 1,499.00"
"from Rs. 1,299.00","from Rs. 1,299.00","Rs. 1,499.00"
"from Rs. 1,299.00","from Rs. 1,299.00","Rs. 1,699.00"
"from Rs. 1,299.00","from Rs. 1,299.00","Rs. 1,699.00"
Rs. 349.00,Rs. 349.00,Rs. 599.00
Rs. 550.00,Rs. 550.00,Rs. 999.00
Rs. 899.00,Rs. 899.00,"Rs. 1,499.00"
Rs. 349.00,Rs. 349.00,Rs. 599.00
Rs. 550.00,Rs. 550.00,Rs. 999.00
Rs. 899.00,Rs. 899.00,"Rs. 1,499.00"
"from Rs. 1,299.00","from Rs. 1,299.00","Rs. 1,699.00"
"from Rs. 1,299.00","from Rs. 1,299.00","Rs. 1,699.00"
"from Rs. 1,299.00","from Rs. 1,299.00","Rs. 1,699.00"
"from Rs. 1,299.00","from Rs. 1,299.00","Rs. 1,699.00"
"from Rs. 1,299.00","from Rs. 1,299.00","Rs. 1,499.00"
"from Rs. 1,299.00","from Rs. 1,299.00","Rs. 1,499.00"
"from Rs. 1,349.00","from Rs. 1,349.00","Rs. 1,899.00"
"from Rs. 1,349.00","from Rs. 1,349.00","Rs. 1,899.00"
"from Rs. 1,349.00","from Rs. 1,349.00","Rs. 1,899.00"
"from Rs. 1,349.00","from Rs. 1,349.00","Rs. 1,899.00"
"from Rs. 1,399.00","from Rs. 1,399.00","Rs. 1,699.00"
"from Rs. 1,399.00","from Rs. 1,399.00","Rs. 1,699.00"
"from Rs. 1,349.00","from Rs. 1,349.00","Rs. 1,899.00"
"from Rs. 1,349.00","from Rs. 1,349.00","Rs. 1,899.00"
"from Rs. 1,299.00","from Rs. 1,299.00","Rs. 1,699.00"
"from Rs. 1,299.00","from Rs. 1,299.00","Rs. 1,699.00"
"from Rs. 1,299.00","from Rs. 1,299.00","Rs. 1,699.00"
"from Rs. 1,299.00","from Rs. 1,299.00","Rs. 1,699.00"
"from Rs. 1,349.00","from Rs. 1,349.00","Rs. 1,899.00"
"from Rs. 1,349.00","from Rs. 1,349.00","Rs. 1,899.00"
"from Rs. 1,299.00","from Rs. 1,299.00","Rs. 1,699.00"
"from Rs. 1,299.00","from Rs. 1,299.00","Rs. 1,699.00"
"from Rs. 1,299.00","from Rs. 1,299.00","Rs. 1,699.00"
"from Rs. 1,299.00","from Rs. 1,299.00","Rs. 1,699.00"
"from Rs. 1,299.00","from Rs. 1,299.00","Rs. 1,699.00"
"from Rs. 1,299.00","from Rs. 1,299.00","Rs. 1,699.00"
"from Rs. 1,299.00","from Rs. 1,299.00","Rs. 1,699.00"
"from Rs. 1,299.00","from Rs. 1,299.00","Rs. 1,699.00"
"from Rs. 1,299.00","from Rs. 1,299.00","Rs. 1,699.00"
"from Rs. 1,299.00","from Rs. 1,299.00","Rs. 1,699.00"
"from Rs. 1,299.00","from Rs. 1,299.00","Rs. 1,699.00"
"from Rs. 1,299.00","from Rs. 1,299.00","Rs. 1,699.00"
"from Rs. 1,349.00","from Rs. 1,349.00","Rs. 1,899.00"
"from Rs. 1,349.00","from Rs. 1,349.00","Rs. 1,899.00"
"from Rs. 1,299.00","from Rs. 1,299.00","Rs. 1,699.00"
"from Rs. 1,299.00","from Rs. 1,299.00","Rs. 1,699.00"
"from Rs. 1,299.00","from Rs. 1,299.00","Rs. 1,699.00"
"from Rs. 1,299.00","from Rs. 1,299.00","Rs. 1,699.00"
"from Rs. 1,299.00","from Rs. 1,299.00","Rs. 1,699.00"
"from Rs. 1,299.00","from Rs. 1,299.00","Rs. 1,699.00"
"from Rs. 1,299.00","from Rs. 1,299.00","Rs. 1,499.00"
"from Rs. 1,299.00","from Rs. 1,299.00","Rs. 1,499.00"
"from Rs. 1,299.00","from Rs. 1,299.00","Rs. 1,499.00"
"from Rs. 1,299.00","from Rs. 1,299.00","Rs. 1,499.00"
"from Rs. 1,299.00","from Rs. 1,299.00","Rs. 1,699.00"
"from Rs. 1,299.00","from Rs. 1,299.00","Rs. 1,699.00"
Rs. 349.00,Rs. 349.00,Rs. 599.00
Rs. 550.00,Rs. 550.00,Rs. 999.00
Rs. 899.00,Rs. 899.00,"Rs. 1,499.00"
Rs. 349.00,Rs. 349.00,Rs. 599.00
Rs. 550.00,Rs. 550.00,Rs. 999.00
Rs. 899.00,Rs. 899.00,"Rs. 1,499.00"
Rs. 349.00,Rs. 349.00,Rs. 599.00
Rs. 550.00,Rs. 550.00,Rs. 999.00
Rs. 899.00,Rs. 899.00,"Rs. 1,499.00"
Rs. 349.00,Rs. 349.00,Rs. 599.00
Rs. 550.00,Rs. 550.00,Rs. 999.00
Rs. 899.00,Rs. 899.00,"Rs. 1,499.00"
Rs. 349.00,Rs. 349.00,Rs. 599.00
Rs. 550.00,Rs. 550.00,Rs. 999.00
Rs. 899.00,Rs. 899.00,"Rs. 1,499.00"
Rs. 349.00,Rs. 349.00,Rs. 599.00
Rs. 550.00,Rs. 550.00,Rs. 999.00
Rs. 899.00,Rs. 899.00,"Rs. 1,499.00"
Rs. 349.00,Rs. 349.00,Rs. 599.00
Rs. 550.00,Rs. 550.00,Rs. 999.00
Rs. 899.00,Rs. 899.00,"Rs. 1,499.00"
Rs. 349.00,Rs. 349.00,Rs. 599.00
Rs. 550.00,Rs. 550.00,Rs. 999.00
Rs. 899.00,Rs. 899.00,"Rs. 1,499.00"
Rs. 349.00,Rs. 349.00,Rs. 599.00
Rs. 550.00,Rs. 550.00,Rs. 999.00
Rs. 899.00,Rs. 899.00,"Rs. 1,499.00"
Rs. 349.00,Rs. 349.00,Rs. 599.00
Rs. 550.00,Rs. 550.00,Rs. 999.00
Rs. 899.00,Rs. 899.00,"Rs. 1,499.00"
Rs. 349.00,Rs. 349.00,Rs. 599.00
Rs. 550.00,Rs. 550.00,Rs. 999.00
Rs. 899.00,Rs. 899.00,"Rs. 1,499.00"
Rs. 349.00,Rs. 349.00,Rs. 599.00
Rs. 550.00,Rs. 550.00,Rs. 999.00
Rs. 899.00,Rs. 899.00,"Rs. 1,499.00"
Rs. 349.00,Rs. 349.00,Rs. 599.00
Rs. 550.00,Rs. 550.00,Rs. 999.00
Rs. 899.00,Rs. 899.00,"Rs. 1,499.00"
Rs. 349.00,Rs. 349.00,Rs. 599.00
Rs. 550.00,Rs. 550.00,Rs. 999.00
Rs. 899.00,Rs. 899.00,"Rs. 1,499.00"
Rs. 349.00,Rs. 349.00,Rs. 599.00
Rs. 550.00,Rs. 550.00,Rs. 999.00
Rs. 899.00,Rs. 899.00,"Rs. 1,499.00"
Rs. 349.00,Rs. 349.00,Rs. 599.00
Rs. 550.00,Rs. 550.00,Rs. 999.00
Rs. 899.00,Rs. 899.00,"Rs. 1,499.00"
Rs. 349.00,Rs. 349.00,Rs. 599.00
Rs. 550.00,Rs. 550.00,Rs. 999.00
Rs. 899.00,Rs. 899.00,"Rs. 1,499.00"
Rs. 349.00,Rs. 349.00,Rs. 599.00
Rs. 550.00,Rs. 550.00,Rs. 999.00
Rs. 899.00,Rs. 899.00,"Rs. 1,499.00"
Rs. 349.00,Rs. 349.00,Rs. 599.00
Rs. 550.00,Rs. 550.00,Rs. 999.00
Rs. 899.00,Rs. 899.00,"Rs. 1,499.00"
Rs. 349.00,Rs. 349.00,Rs. 599.00
Rs. 550.00,Rs. 550.00,Rs. 999.00
Rs. 899.00,Rs. 899.00,"Rs. 1,499.00"
Rs. 349.00,Rs. 349.00,Rs. 599.00
Rs. 550.00,Rs. 550.00,Rs. 999.00
Rs. 899.00,Rs. 899.00,"Rs. 1,499.00"
Rs. 349.00,Rs. 349.00,Rs. 599.00
Rs. 550.00,Rs. 550.00,Rs. 999.00
Rs. 899.00,Rs. 899.00,"Rs. 1,499.00"
Rs. 349.00,Rs. 349.00,Rs. 599.00
Rs. 550.00,Rs. 550.00,Rs. 999.00
Rs. 899.00,Rs. 899.00,"Rs. 1,499.00"
Rs. 349.00,Rs. 349.00,Rs. 599.00
Rs. 550.00,Rs. 550.00,Rs. 999.00
Rs. 899.00,Rs. 899.00,"Rs. 1,499.00"
Rs. 349.00,Rs. 349.00,Rs. 599.00
Rs. 550.00,Rs. 550.00,Rs. 999.00
Rs. 899.00,Rs. 899.00,"Rs. 1,499.00"
Rs. 349.00,Rs. 349.00,Rs. 599.00
Rs. 550.00,Rs. 550.00,Rs. 999.00
Rs. 899.00,Rs. 899.00,"Rs. 1,499.00"
Rs. 349.00,Rs. 349.00,Rs. 599.00
Rs. 550.00,Rs. 550.00,Rs. 999.00
Rs. 899.00,Rs. 899.00,"Rs. 1,499.00"
Rs. 349.00,Rs. 349.00,Rs. 599.00
Rs. 550.00,Rs. 550.00,Rs. 999.00
Rs. 899.00,Rs. 899.00,"Rs. 1,499.00"
Rs. 349.00,Rs. 349.00,Rs. 599.00
Rs. 550.00,Rs. 550.00,Rs. 999.00
Rs. 899.00,Rs. 899.00,"Rs. 1,499.00"
Rs. 349.00,Rs. 349.00,Rs. 599.00
Rs. 550.00,Rs. 550.00,Rs. 999.00
Rs. 899.00,Rs. 899.00,"Rs. 1,499.00"
Rs. 349.00,Rs. 349.00,Rs. 599.00
Rs. 550.00,Rs. 550.00,Rs. 999.00
Rs. 899.00,Rs. 899.00,"Rs. 1,499.00"
Rs. 349.00,Rs. 349.00,Rs. 599.00
Rs. 550.00,Rs. 550.00,Rs. 999.00
Rs. 899.00,Rs. 899.00,"Rs. 1,499.00"
Rs. 349.00,Rs. 349.00,Rs. 599.00
Rs. 550.00,Rs. 550.00,Rs. 999.00
Rs. 899.00,Rs. 899.00,"Rs. 1,499.00"
Rs. 349.00,Rs. 349.00,Rs. 599.00
Rs. 550.00,Rs. 550.00,Rs. 999.00
Rs. 899.00,Rs. 899.00,"Rs. 1,499.00"
Rs. 549.00,Rs. 549.00,"Rs. 1,199.00"
Rs. 349.00,Rs. 349.00,Rs. 599.00
Rs. 349.00,Rs. 349.00,Rs. 599.00
Rs. 550.00,Rs. 550.00,Rs. 999.00
Rs. 899.00,Rs. 899.00,"Rs. 1,499.00"
Rs. 349.00,Rs. 349.00,Rs. 599.00
Rs. 550.00,Rs. 550.00,Rs. 999.00
Rs. 899.00,Rs. 899.00,"Rs. 1,499.00"
Rs. 549.00,Rs. 549.00,"Rs. 1,199.00"
Rs. 349.00,Rs. 349.00,Rs. 599.00
Rs. 349.00,Rs. 349.00,Rs. 599.00
Rs. 550.00,Rs. 550.00,Rs. 999.00
Rs. 899.00,Rs. 899.00,"Rs. 1,499.00"
Rs. 349.00,Rs. 349.00,Rs. 599.00
Rs. 550.00,Rs. 550.00,Rs. 999.00
Rs. 899.00,Rs. 899.00,"Rs. 1,499.00"
Rs. 349.00,Rs. 349.00,Rs. 599.00
Rs. 550.00,Rs. 550.00,Rs. 999.00
Rs. 899.00,Rs. 899.00,"Rs. 1,499.00"
Rs. 349.00,Rs. 349.00,Rs. 599.00
Rs. 550.00,Rs. 550.00,Rs. 999.00
Rs. 899.00,Rs. 899.00,"Rs. 1,499.00"
Rs. 349.00,Rs. 349.00,Rs. 599.00
Rs. 550.00,Rs. 550.00,Rs. 999.00
Rs. 899.00,Rs. 899.00,"Rs. 1,499.00"
Rs. 349.00,Rs. 349.00,Rs. 599.00
Rs. 550.00,Rs. 550.00,Rs. 999.00
Rs. 899.00,Rs. 899.00,"Rs. 1,499.00"
Rs. 349.00,Rs. 349.00,Rs. 599.00
Rs. 550.00,Rs. 550.00,Rs. 999.00
Rs. 899.00,Rs. 899.00,"Rs. 1,499.00"
Rs. 349.00,Rs. 349.00,Rs. 599.00
Rs. 550.00,Rs. 550.00,Rs. 999.00
Rs. 899.00,Rs. 899.00,"Rs. 1,499.00"
Rs. 349.00,Rs. 349.00,Rs. 599.00
Rs. 550.00,Rs. 550.00,Rs. 999.00
Rs. 899.00,Rs. 899.00,"Rs. 1,499.00"
Rs. 349.00,Rs. 349.00,Rs. 599.00
Rs. 550.00,Rs. 550.00,Rs. 999.00
Rs. 899.00,Rs. 899.00,"Rs. 1,499.00"
Rs. 349.00,Rs. 349.00,Rs. 599.00
Rs. 550.00,Rs. 550.00,Rs. 999.00
Rs. 899.00,Rs. 899.00,"Rs. 1,499.00"
Rs. 349.00,Rs. 349.00,Rs. 599.00
Rs. 550.00,Rs. 550.00,Rs. 999.00
Rs. 899.00,Rs. 899.00,"Rs. 1,499.00"
Rs. 349.00,Rs. 349.00,Rs. 599.00
Rs. 550.00,Rs. 550.00,Rs. 999.00
Rs. 899.00,Rs. 899.00,"Rs. 1,499.00"
Rs. 349.00,Rs. 349.00,Rs. 599.00
Rs. 550.00,Rs. 550.00,Rs. 999.00
Rs. 899.00,Rs. 899.00,"Rs. 1,499.00"
Rs. 349.00,Rs. 349.00,Rs. 599.00
Rs. 550.00,Rs. 550.00,Rs. 999.00
Rs. 899.00,Rs. 899.00,"Rs. 1,499.00"
Rs. 349.00,Rs. 349.00,Rs. 599.00
Rs. 550.00,Rs. 550.00,Rs. 999.00
Rs. 899.00,Rs. 899.00,"Rs. 1,499.00"
Rs. 349.00,Rs. 349.00,Rs. 599.00
Rs. 550.00,Rs. 550.00,Rs. 999.00
Rs. 899.00,Rs. 899.00,"Rs. 1,499.00"
Rs. 349.00,Rs. 349.00,Rs. 599.00
Rs. 550.00,Rs. 550.00,Rs. 999.00
Rs. 899.00,Rs. 899.00,"Rs. 1,499.00"
Rs. 349.00,Rs. 349.00,Rs. 599.00
Rs. 550.00,Rs. 550.00,Rs. 999.00
Rs. 899.00,Rs. 899.00,"Rs. 1,499.00"
Rs. 349.00,Rs. 349.00,Rs. 599.00
Rs. 550.00,Rs. 550.00,Rs. 999.00
Rs. 899.00,Rs. 899.00,"Rs. 1,499.00"
Rs. 349.00,Rs. 349.00,Rs. 599.00
Rs. 550.00,Rs. 550.00,Rs. 999.00
Rs. 899.00,Rs. 899.00,"Rs. 1,499.00"
Rs. 349.00,Rs. 349.00,Rs. 599.00
Rs. 550.00,Rs. 550.00,Rs. 999.00
Rs. 899.00,Rs. 899.00,"Rs. 1,499.00"
Rs. 349.00,Rs. 349.00,Rs. 599.00
Rs. 550.00,Rs. 550.00,Rs. 999.00
Rs. 899.00,Rs. 899.00,"Rs. 1,499.00"
Rs. 349.00,Rs. 349.00,Rs. 599.00
Rs. 550.00,Rs. 550.00,Rs. 999.00
Rs. 899.00,Rs. 899.00,"Rs. 1,499.00"
Rs. 349.00,Rs. 349.00,Rs. 599.00
Rs. 550.00,Rs. 550.00,Rs. 999.00
Rs. 899.00,Rs. 899.00,"Rs. 1,499.00"
Rs. 349.00,Rs. 349.00,Rs. 599.00
Rs. 550.00,Rs. 550.00,Rs. 999.00
Rs. 899.00,Rs. 899.00,"Rs. 1,499.00"
Rs. 349.00,Rs. 349.00,Rs. 599.00
Rs. 550.00,Rs. 550.00,Rs. 999.00
Rs. 899.00,Rs. 899.00,"Rs. 1,499.00"
Rs. 349.00,Rs. 349.00,Rs. 599.00
Rs. 550.00,Rs. 550.00,Rs. 999.00
Rs. 899.00,Rs. 899.00,"Rs. 1,499.00"
Rs. 349.00,Rs. 349.00,Rs. 599.00
Rs. 550.00,Rs. 550.00,Rs. 999.00
Rs. 899.00,Rs. 899.00,"Rs. 1,499.00"
Rs. 349.00,Rs. 349.00,Rs. 599.00
Rs. 550.00,Rs. 550.00,Rs. 999.00
Rs. 899.00,Rs. 899.00,"Rs. 1,499.00"
Rs. 349.00,Rs. 349.00,Rs. 599.00
Rs. 550.00,Rs. 550.00,Rs. 999.00
Rs. 899.00,Rs. 899.00,"Rs. 1,499.00"
Rs. 349.00,Rs. 349.00,Rs. 599.00
Rs. 550.00,Rs. 550.00,Rs. 999.00
Rs. 899.00,Rs. 899.00,"Rs. 1,499.00"
Rs. 349.00,Rs. 349.00,Rs. 599.00
Rs. 550.00,Rs. 550.00,Rs. 999.00
Rs. 899.00,Rs. 899.00,"Rs. 1,499.00"
Rs. 349.00,Rs. 349.00,Rs. 599.00
Rs. 550.00,Rs. 550.00,Rs. 999.00
Rs. 899.00,Rs. 899.00,"Rs. 1,499.00"
Rs. 349.00,Rs. 349.00,Rs. 599.00
Rs. 550.00,Rs. 550.00,Rs. 999.00
Rs. 899.00,Rs. 899.00,"Rs. 1,499.00"
Rs. 349.00,Rs. 349.00,Rs. 599.00
Rs. 550.00,Rs. 550.00,Rs. 999.00
Rs. 899.00,Rs. 899.00,"Rs. 1,499.00"
Rs. 349.00,Rs. 349.00,Rs. 599.00
Rs. 550.00,Rs. 550.00,Rs. 999.00
Rs. 899.00,Rs. 899.00,"Rs. 1,499.00"
Rs. 349.00,Rs. 349.00,Rs. 599.00
Rs. 550.00,Rs. 550.00,Rs. 999.00
Rs. 899.00,Rs. 899.00,"Rs. 1,499.00"
Rs. 349.00,Rs. 349.00,Rs. 599.00
Rs. 550.00,Rs. 550.00,Rs. 999.00
Rs. 899.00,Rs. 899.00,"Rs. 1,499.00"
Rs. 349.00,Rs. 349.00,Rs. 599.00
Rs. 550.00,Rs. 550.00,Rs. 999.00
Rs. 899.00,Rs. 899.00,"Rs. 1,499.00"
Rs. 349.00,Rs. 349.00,Rs. 599.00
Rs. 550.00,Rs. 550.00,Rs. 999.00
Rs. 899.00,Rs. 899.00,"Rs. 1,499.00"
Rs. 349.00,Rs. 349.00,Rs. 599.00
Rs. 550.00,Rs. 550.00,Rs. 999.00
Rs. 899.00,Rs. 899.00,"Rs. 1,499.00"
Rs. 349.00,Rs. 349.00,Rs. 599.00
Rs. 550.00,Rs. 550.00,Rs. 999.00
Rs. 899.00,Rs. 899.00,"Rs. 1,499.00"
Rs. 349.00,Rs. 349.00,Rs. 599.00
Rs. 550.00,Rs. 550.00,Rs. 999.00
Rs. 899.00,Rs. 899.00,"Rs. 1,499.00"
Rs. 349.00,Rs. 349.00,Rs. 599.00
Rs. 550.00,Rs. 550.00,Rs. 999.00
Rs. 899.00,Rs. 899.00,"Rs. 1,499.00"
Rs. 349.00,Rs. 349.00,Rs. 599.00
Rs. 550.00,Rs. 550.00,Rs. 999.00
Rs. 899.00,Rs. 899.00,"Rs. 1,499.00"
Rs. 549.00,Rs. 549.00,"Rs. 1,199.00"
Rs. 349.00,Rs. 349.00,Rs. 599.00
Rs. 349.00,Rs. 349.00,Rs. 599.00
Rs. 550.00,Rs. 550.00,Rs. 999.00
Rs. 899.00,Rs. 899.00,"Rs. 1,499.00"
Rs. 349.00,Rs. 349.00,Rs. 599.00
Rs. 550.00,Rs. 550.00,Rs. 999.00
Rs. 899.00,Rs. 899.00,"Rs. 1,499.00"
Rs. 549.00,Rs. 549.00,"Rs. 1,199.00"
Rs. 349.00,Rs. 349.00,Rs. 599.00
Rs. 349.00,Rs. 349.00,Rs. 599.00
Rs. 550.00,Rs. 550.00,Rs. 999.00
Rs. 899.00,Rs. 899.00,"Rs. 1,499.00"
Rs. 349.00,Rs. 349.00,Rs. 599.00
Rs. 550.00,Rs. 550.00,Rs. 999.00
Rs. 899.00,Rs. 899.00,"Rs. 1,499.00"
Rs. 349.00,Rs. 349.00,Rs. 599.00
Rs. 550.00,Rs. 550.00,Rs. 999.00
Rs. 899.00,Rs. 899.00,"Rs. 1,499.00"
Rs. 349.00,Rs. 349.00,Rs. 599.00
Rs. 550.00,Rs. 550.00,Rs. 999.00
Rs. 899.00,Rs. 899.00,"Rs. 1,499.00"
Rs. 349.00,Rs. 349.00,Rs. 599.00
Rs. 550.00,Rs. 550.00,Rs. 999.00
Rs. 899.00,Rs. 899.00,"Rs. 1,499.00"
Rs. 349.00,Rs. 349.00,Rs. 599.00
Rs. 550.00,Rs. 550.00,Rs. 999.00
Rs. 899.00,Rs. 899.00,"Rs. 1,499.00"
Rs. 349.00,Rs. 349.00,Rs. 599.00
Rs. 550.00,Rs. 550.00,Rs. 999.00
Rs. 899.00,Rs. 899.00,"Rs. 1,499.00"
Rs. 349.00,Rs. 349.00,Rs. 599.00
Rs. 550.00,Rs. 550.00,Rs. 999.00
Rs. 899.00,Rs. 899.00,"Rs. 1,499.00"
Rs. 349.00,Rs. 349.00,Rs. 599.00
Rs. 550.00,Rs. 550.00,Rs. 999.00
Rs. 899.00,Rs. 899.00,"Rs. 1,499.00"
Rs. 349.00,Rs. 349.00,Rs. 599.00
Rs. 550.00,Rs. 550.00,Rs. 999.00
Rs. 899.00,Rs. 899.00,"Rs. 1,499.00"
Rs. 349.00,Rs. 349.00,Rs. 599.00
Rs. 550.00,Rs. 550.00,Rs. 999.00
Rs. 899.00,Rs. 899.00,"Rs. 1,499.00"
Rs. 349.00,Rs. 349.00,Rs. 599.00
Rs. 550.00,Rs. 550.00,Rs. 999.00
Rs. 899.00,Rs. 899.00,"Rs. 1,499.00"
Rs. 349.00,Rs. 349.00,Rs. 599.00
Rs. 550.00,Rs. 550.00,Rs. 999.00
Rs. 899.00,Rs. 899.00,"Rs. 1,499.00"
Rs. 349.00,Rs. 349.00,Rs. 599.00
Rs. 550.00,Rs. 550.00,Rs. 999.00
Rs. 899.00,Rs. 899.00,"Rs. 1,499.00"
Rs. 349.00,Rs. 349.00,Rs. 599.00
Rs. 550.00,Rs. 550.00,Rs. 999.00
Rs. 899.00,Rs. 899.00,"Rs. 1,499.00"
Rs. 349.00,Rs. 349.00,Rs. 599.00
Rs. 550.00,Rs. 550.00,Rs. 999.00
Rs. 899.00,Rs. 899.00,"Rs. 1,499.00"
Rs. 349.00,Rs. 349.00,Rs. 599.00
Rs. 550.00,Rs. 550.00,Rs. 999.00
Rs. 899.00,Rs. 899.00,"Rs. 1,499.00"
Rs. 349.00,Rs. 349.00,Rs. 599.00
Rs. 550.00,Rs. 550.00,Rs. 999.00
Rs. 899.00,Rs. 899.00,"Rs. 1,499.00"
Rs. 448.00,Rs. 448.00,Rs. 549.00
Rs. 448.00,Rs. 448.00,Rs. 549.00
Rs. 299.00,Rs. 299.00,Rs. 399.00
Rs. 299.00,Rs. 299.00,Rs. 399.00
Rs. 449.00,Rs. 449.00,Rs. 600.00
Rs. 449.00,Rs. 449.00,Rs. 600.00
Rs. 749.00,Rs. 749.00,"Rs. 1,099.00"
Rs. 749.00,Rs. 749.00,"Rs. 1,099.00"
Rs. 499.00,Rs. 499.00,Rs. 699.00
Rs. 499.00,Rs. 499.00,Rs. 699.00
Rs. 669.00,Rs. 669.00,Rs. 999.00
Rs. 669.00,Rs. 669.00,Rs. 999.00
"Rs. 1,099.00","Rs. 1,099.00","Rs. 1,499.00"
"Rs. 1,099.00","Rs. 1,099.00","Rs. 1,499.00"
Rs. 249.00,Rs. 249.00,Rs. 399.00
Rs. 249.00,Rs. 249.00,Rs. 399.00
Rs. 449.00,Rs. 449.00,Rs. 749.00
Rs. 449.00,Rs. 449.00,Rs. 749.00
Rs. 499.00,Rs. 499.00,Rs. 749.00
Rs. 499.00,Rs. 499.00,Rs. 749.00
Rs. 899.00,Rs. 899.00,"Rs. 1,499.00"
Rs. 899.00,Rs. 899.00,"Rs. 1,499.00"
Rs. 399.00,Rs. 399.00,Rs. 599.00
Rs. 399.00,Rs. 399.00,Rs. 599.00
Rs. 799.00,Rs. 799.00,Rs. 999.00
Rs. 799.00,Rs. 799.00,Rs. 999.00
Rs. 389.00,Rs. 389.00,Rs. 799.00
Rs. 389.00,Rs. 389.00,Rs. 799.00
Rs. 399.00,Rs. 399.00,Rs. 599.00
Rs. 399.00,Rs. 399.00,Rs. 599.00
Rs. 419.00,Rs. 419.00,Rs. 799.00
Rs. 419.00,Rs. 419.00,Rs. 799.00
Rs. 419.00,Rs. 419.00,Rs. 899.00
Rs. 419.00,Rs. 419.00,Rs. 899.00
Rs. 549.00,Rs. 549.00,Rs. 999.00
Rs. 549.00,Rs. 549.00,Rs. 999.00
Rs. 549.00,Rs. 549.00,Rs. 999.00
Rs. 549.00,Rs. 549.00,Rs. 999.00
Rs. 399.00,Rs. 399.00,Rs. 799.00
Rs. 399.00,Rs. 399.00,Rs. 799.00
Rs. 399.00,Rs. 399.00,Rs. 599.00
Rs. 399.00,Rs. 399.00,Rs. 599.00
Rs. 419.00,Rs. 419.00,Rs. 799.00
Rs. 419.00,Rs. 419.00,Rs. 799.00
Rs. 549.00,Rs. 549.00,Rs. 999.00
Rs. 549.00,Rs. 549.00,Rs. 999.00
Rs. 549.00,Rs. 549.00,Rs. 999.00
Rs. 549.00,Rs. 549.00,Rs. 999.00
Rs. 349.00,Rs. 349.00,Rs. 599.00
Rs. 550.00,Rs. 550.00,Rs. 999.00
Rs. 899.00,Rs. 899.00,"Rs. 1,499.00"
Rs. 349.00,Rs. 349.00,Rs. 599.00
Rs. 550.00,Rs. 550.00,Rs. 999.00
Rs. 899.00,Rs. 899.00,"Rs. 1,499.00"
Rs. 319.00,Rs. 319.00,Rs. 379.00
Rs. 319.00,Rs. 319.00,Rs. 379.00
Rs. 299.00,Rs. 299.00,Rs. 449.00
Rs. 299.00,Rs. 299.00,Rs. 449.00
Rs. 499.00,Rs. 499.00,Rs. 699.00
Rs. 499.00,Rs. 499.00,Rs. 699.00
Rs. 349.00,Rs. 349.00,Rs. 499.00
Rs. 349.00,Rs. 349.00,Rs. 499.00
Rs. 549.00,Rs. 549.00,Rs. 899.00
Rs. 549.00,Rs. 549.00,Rs. 899.00
Rs. 849.00,Rs. 849.00,"Rs. 1,299.00"
Rs. 849.00,Rs. 849.00,"Rs. 1,299.00"
Rs. 669.00,Rs. 669.00,"Rs. 1,399.00"
Rs. 669.00,Rs. 669.00,"Rs. 1,399.00"
Rs. 619.00,Rs. 619.00,Rs. 899.00
Rs. 619.00,Rs. 619.00,Rs. 899.00
"Rs. 1,199.00","Rs. 1,199.00","Rs. 1,999.00"
"Rs. 1,199.00","Rs. 1,199.00","Rs. 1,999.00"
Rs. 619.00,Rs. 619.00,"Rs. 1,099.00"
Rs. 619.00,Rs. 619.00,"Rs. 1,099.00"
Rs. 499.00,Rs. 499.00,Rs. 899.00
Rs. 499.00,Rs. 499.00,Rs. 899.00
Rs. 749.00,Rs. 749.00,"Rs. 1,199.00"
Rs. 749.00,Rs. 749.00,"Rs. 1,199.00"
Rs. 219.00,Rs. 219.00,Rs. 249.00
Rs. 219.00,Rs. 219.00,Rs. 249.00
Rs. 449.00,Rs. 449.00,Rs. 699.00
Rs. 449.00,Rs. 449.00,Rs. 699.00
Rs. 399.00,Rs. 399.00,Rs. 599.00
Rs. 399.00,Rs. 399.00,Rs. 599.00
Rs. 399.00,Rs. 399.00,Rs. 599.00
Rs. 399.00,Rs. 399.00,Rs. 599.00
Rs. 350.00,Rs. 350.00,Rs. 599.00
Rs. 350.00,Rs. 350.00,Rs. 599.00
Rs. 399.00,Rs. 399.00,Rs. 599.00
Rs. 399.00,Rs. 399.00,Rs. 599.00
Rs. 549.00,Rs. 549.00,Rs. 999.00
Rs. 549.00,Rs. 549.00,Rs. 999.00
Rs. 349.00,Rs. 349.00,Rs. 599.00
Rs. 550.00,Rs. 550.00,Rs. 999.00
Rs. 899.00,Rs. 899.00,"Rs. 1,499.00"
Rs. 349.00,Rs. 349.00,Rs. 599.00
Rs. 550.00,Rs. 550.00,Rs. 999.00
Rs. 899.00,Rs. 899.00,"Rs. 1,499.00"
Rs. 899.00,Rs. 899.00,"Rs. 1,199.00"
Rs. 899.00,Rs. 899.00,"Rs. 1,199.00"
Rs. 669.00,Rs. 669.00,Rs. 999.00
Rs. 669.00,Rs. 669.00,Rs. 999.00
Rs. 449.00,Rs. 449.00,Rs. 699.00
Rs. 449.00,Rs. 449.00,Rs. 699.00
Rs. 499.00,Rs. 499.00,Rs. 699.00
Rs. 499.00,Rs. 499.00,Rs. 699.00
Rs. 749.00,Rs. 749.00,"Rs. 1,099.00"
Rs. 749.00,Rs. 749.00,"Rs. 1,099.00"
Rs. 449.00,Rs. 449.00,Rs. 549.00
Rs. 449.00,Rs. 449.00,Rs. 549.00
Rs. 449.00,Rs. 449.00,Rs. 599.00
Rs. 449.00,Rs. 449.00,Rs. 599.00
Rs. 449.00,Rs. 449.00,Rs. 599.00
Rs. 449.00,Rs. 449.00,Rs. 599.00
Rs. 899.00,Rs. 899.00,"Rs. 1,499.00"
Rs. 899.00,Rs. 899.00,"Rs. 1,499.00"
Rs. 850.00,Rs. 850.00,"Rs. 1,299.00"
Rs. 850.00,Rs. 850.00,"Rs. 1,299.00"
Rs. 409.00,Rs. 409.00,Rs. 699.00
Rs. 409.00,Rs. 409.00,Rs. 699.00
Rs. 349.00,Rs. 349.00,Rs. 599.00
Rs. 550.00,Rs. 550.00,Rs. 999.00
Rs. 899.00,Rs. 899.00,"Rs. 1,499.00"
Rs. 349.00,Rs. 349.00,Rs. 599.00
Rs. 550.00,Rs. 550.00,Rs. 999.00
Rs. 899.00,Rs. 899.00,"Rs. 1,499.00"
Rs. 799.00,Rs. 799.00,Rs. 999.00
Rs. 799.00,Rs. 799.00,Rs. 999.00
Rs. 799.00,Rs. 799.00,Rs. 999.00
Rs. 799.00,Rs. 799.00,Rs. 999.00
Rs. 799.00,Rs. 799.00,Rs. 999.00
Rs. 799.00,Rs. 799.00,Rs. 999.00
Rs. 299.00,Rs. 299.00,Rs. 449.00
Rs. 299.00,Rs. 299.00,Rs. 449.00
Rs. 499.00,Rs. 499.00,Rs. 699.00
Rs. 499.00,Rs. 499.00,Rs. 699.00
Rs. 549.00,Rs. 549.00,Rs. 899.00
Rs. 549.00,Rs. 549.00,Rs. 899.00
Rs. 319.00,Rs. 319.00,Rs. 379.00
Rs. 319.00,Rs. 319.00,Rs. 379.00
Rs. 799.00,Rs. 799.00,Rs. 999.00
Rs. 799.00,Rs. 799.00,Rs. 999.00
Rs. 799.00,Rs. 799.00,Rs. 999.00
Rs. 799.00,Rs. 799.00,Rs. 999.00
Rs. 799.00,Rs. 799.00,Rs. 999.00
Rs. 799.00,Rs. 799.00,Rs. 999.00
Rs. 349.00,Rs. 349.00,Rs. 499.00
Rs. 349.00,Rs. 349.00,Rs. 499.00
Rs. 619.00,Rs. 619.00,"Rs. 1,099.00"
Rs. 619.00,Rs. 619.00,"Rs. 1,099.00"
Rs. 219.00,Rs. 219.00,Rs. 249.00
Rs. 219.00,Rs. 219.00,Rs. 249.00
Rs. 499.00,Rs. 499.00,Rs. 899.00
Rs. 499.00,Rs. 499.00,Rs. 899.00
Rs. 549.00,Rs. 549.00,Rs. 799.00
Rs. 549.00,Rs. 549.00,Rs. 799.00
Rs. 799.00,Rs. 799.00,"Rs. 1,199.00"
Rs. 799.00,Rs. 799.00,"Rs. 1,199.00"
Rs. 619.00,Rs. 619.00,Rs. 899.00
Rs. 619.00,Rs. 619.00,Rs. 899.00
Rs. 449.00,Rs. 449.00,Rs. 699.00
Rs. 449.00,Rs. 449.00,Rs. 699.00
Rs. 549.00,Rs. 549.00,Rs. 999.00
Rs. 549.00,Rs. 549.00,Rs. 999.00
Rs. 399.00,Rs. 399.00,Rs. 599.00
Rs. 399.00,Rs. 399.00,Rs. 599.00
Rs. 399.00,Rs. 399.00,Rs. 599.00
Rs. 399.00,Rs. 399.00,Rs. 599.00
Rs. 349.00,Rs. 349.00,Rs. 599.00
Rs. 550.00,Rs. 550.00,Rs. 999.00
Rs. 899.00,Rs. 899.00,"Rs. 1,499.00"
Rs. 349.00,Rs. 349.00,Rs. 599.00
Rs. 550.00,Rs. 550.00,Rs. 999.00
Rs. 899.00,Rs. 899.00,"Rs. 1,499.00"
Rs. 799.00,Rs. 799.00,Rs. 999.00
Rs. 799.00,Rs. 799.00,Rs. 999.00
Rs. 799.00,Rs. 799.00,Rs. 999.00
Rs. 799.00,Rs. 799.00,Rs. 999.00
Rs. 799.00,Rs. 799.00,Rs. 999.00
Rs. 799.00,Rs. 799.00,Rs. 999.00
Rs. 299.00,Rs. 299.00,Rs. 449.00
Rs. 299.00,Rs. 299.00,Rs. 449.00
Rs. 499.00,Rs. 499.00,Rs. 699.00
Rs. 499.00,Rs. 499.00,Rs. 699.00
Rs. 549.00,Rs. 549.00,Rs. 899.00
Rs. 549.00,Rs. 549.00,Rs. 899.00
Rs. 319.00,Rs. 319.00,Rs. 379.00
Rs. 319.00,Rs. 319.00,Rs. 379.00
Rs. 799.00,Rs. 799.00,Rs. 999.00
Rs. 799.00,Rs. 799.00,Rs. 999.00
Rs. 799.00,Rs. 799.00,Rs. 999.00
Rs. 799.00,Rs. 799.00,Rs. 999.00
Rs. 799.00,Rs. 799.00,Rs. 999.00
Rs. 799.00,Rs. 799.00,Rs. 999.00
Rs. 349.00,Rs. 349.00,Rs. 499.00
Rs. 349.00,Rs. 349.00,Rs. 499.00
Rs. 619.00,Rs. 619.00,"Rs. 1,099.00"
Rs. 619.00,Rs. 619.00,"Rs. 1,099.00"
Rs. 219.00,Rs. 219.00,Rs. 249.00
Rs. 219.00,Rs. 219.00,Rs. 249.00
Rs. 499.00,Rs. 499.00,Rs. 899.00
Rs. 499.00,Rs. 499.00,Rs. 899.00
Rs. 549.00,Rs. 549.00,Rs. 799.00
Rs. 549.00,Rs. 549.00,Rs. 799.00
Rs. 799.00,Rs. 799.00,"Rs. 1,199.00"
Rs. 799.00,Rs. 799.00,"Rs. 1,199.00"
Rs. 619.00,Rs. 619.00,Rs. 899.00
Rs. 619.00,Rs. 619.00,Rs. 899.00
Rs. 449.00,Rs. 449.00,Rs. 699.00
Rs. 449.00,Rs. 449.00,Rs. 699.00
Rs. 549.00,Rs. 549.00,Rs. 999.00
Rs. 549.00,Rs. 549.00,Rs. 999.00
Rs. 399.00,Rs. 399.00,Rs. 599.00
Rs. 399.00,Rs. 399.00,Rs. 599.00
Rs. 399.00,Rs. 399.00,Rs. 599.00
Rs. 399.00,Rs. 399.00,Rs. 599.00
Rs. 349.00,Rs. 349.00,Rs. 599.00
Rs. 550.00,Rs. 550.00,Rs. 999.00
Rs. 899.00,Rs. 899.00,"Rs. 1,499.00"
Rs. 349.00,Rs. 349.00,Rs. 599.00
Rs. 550.00,Rs. 550.00,Rs. 999.00
Rs. 899.00,Rs. 899.00,"Rs. 1,499.00"
Rs. 349.00,Rs. 349.00,Rs. 599.00
Rs. 550.00,Rs. 550.00,Rs. 999.00
Rs. 899.00,Rs. 899.00,"Rs. 1,499.00"
Rs. 349.00,Rs. 349.00,Rs. 599.00
Rs. 550.00,Rs. 550.00,Rs. 999.00
Rs. 899.00,Rs. 899.00,"Rs. 1,499.00"
Rs. 349.00,Rs. 349.00,Rs. 599.00
Rs. 550.00,Rs. 550.00,Rs. 999.00
Rs. 899.00,Rs. 899.00,"Rs. 1,499.00"
Rs. 349.00,Rs. 349.00,Rs. 599.00
Rs. 550.00,Rs. 550.00,Rs. 999.00
Rs. 899.00,Rs. 899.00,"Rs. 1,499.00"
Rs. 349.00,Rs. 349.00,Rs. 599.00
Rs. 550.00,Rs. 550.00,Rs. 999.00
Rs. 899.00,Rs. 899.00,"Rs. 1,499.00"
Rs. 349.00,Rs. 349.00,Rs. 599.00
Rs. 550.00,Rs. 550.00,Rs. 999.00
Rs. 899.00,Rs. 899.00,"Rs. 1,499.00"
Rs. 349.00,Rs. 349.00,Rs. 599.00
Rs. 550.00,Rs. 550.00,Rs. 999.00
Rs. 899.00,Rs. 899.00,"Rs. 1,499.00"
Rs. 349.00,Rs. 349.00,Rs. 599.00
Rs. 550.00,Rs. 550.00,Rs. 999.00
Rs. 899.00,Rs. 899.00,"Rs. 1,499.00"
Rs. 499.00,Rs. 499.00,Rs. 699.00
Rs. 319.00,Rs. 319.00,Rs. 379.00
Rs. 349.00,Rs. 349.00,Rs. 599.00
Rs. 550.00,Rs. 550.00,Rs. 999.00
Rs. 899.00,Rs. 899.00,"Rs. 1,499.00"
Rs. 349.00,Rs. 349.00,Rs. 599.00
Rs. 550.00,Rs. 550.00,Rs. 999.00
Rs. 899.00,Rs. 899.00,"Rs. 1,499.00"
Rs. 349.00,Rs. 349.00,Rs. 599.00
Rs. 550.00,Rs. 550.00,Rs. 999.00
Rs. 899.00,Rs. 899.00,"Rs. 1,499.00"
Rs. 349.00,Rs. 349.00,Rs. 599.00
Rs. 550.00,Rs. 550.00,Rs. 999.00
Rs. 899.00,Rs. 899.00,"Rs. 1,499.00"
Rs. 349.00,Rs. 349.00,Rs. 599.00
Rs. 550.00,Rs. 550.00,Rs. 999.00
Rs. 899.00,Rs. 899.00,"Rs. 1,499.00"
Rs. 349.00,Rs. 349.00,Rs. 599.00
Rs. 550.00,Rs. 550.00,Rs. 999.00
Rs. 899.00,Rs. 899.00,"Rs. 1,499.00"
Rs. 349.00,Rs. 349.00,Rs. 599.00
Rs. 550.00,Rs. 550.00,Rs. 999.00
Rs. 899.00,Rs. 899.00,"Rs. 1,499.00"
Rs. 349.00,Rs. 349.00,Rs. 599.00
Rs. 550.00,Rs. 550.00,Rs. 999.00
Rs. 899.00,Rs. 899.00,"Rs. 1,499.00"
Rs. 349.00,Rs. 349.00,Rs. 599.00
Rs. 550.00,Rs. 550.00,Rs. 999.00
Rs. 899.00,Rs. 899.00,"Rs. 1,499.00"
Rs. 349.00,Rs. 349.00,Rs. 599.00
Rs. 550.00,Rs. 550.00,Rs. 999.00
Rs. 899.00,Rs. 899.00,"Rs. 1,499.00"
Rs. 349.00,Rs. 349.00,Rs. 599.00
Rs. 550.00,Rs. 550.00,Rs. 999.00
Rs. 899.00,Rs. 899.00,"Rs. 1,499.00"
Rs. 349.00,Rs. 349.00,Rs. 599.00
Rs. 550.00,Rs. 550.00,Rs. 999.00
Rs. 899.00,Rs. 899.00,"Rs. 1,499.00"
Rs. 349.00,Rs. 349.00,Rs. 599.00
Rs. 550.00,Rs. 550.00,Rs. 999.00
Rs. 899.00,Rs. 899.00,"Rs. 1,499.00"
Rs. 349.00,Rs. 349.00,Rs. 599.00
Rs. 550.00,Rs. 550.00,Rs. 999.00
Rs. 899.00,Rs. 899.00,"Rs. 1,499.00"
Rs. 349.00,Rs. 349.00,Rs. 599.00
Rs. 550.00,Rs. 550.00,Rs. 999.00
Rs. 899.00,Rs. 899.00,"Rs. 1,499.00"
Rs. 349.00,Rs. 349.00,Rs. 599.00
Rs. 550.00,Rs. 550.00,Rs. 999.00
Rs. 899.00,Rs. 899.00,"Rs. 1,499.00"
Rs. 349.00,Rs. 349.00,Rs. 599.00
Rs. 550.00,Rs. 550.00,Rs. 999.00
Rs. 899.00,Rs. 899.00,"Rs. 1,499.00"
Rs. 349.00,Rs. 349.00,Rs. 599.00
Rs. 550.00,Rs. 550.00,Rs. 999.00
Rs. 899.00,Rs. 899.00,"Rs. 1,499.00"
Rs. 349.00,Rs. 349.00,Rs. 599.00
Rs. 550.00,Rs. 550.00,Rs. 999.00
Rs. 899.00,Rs. 899.00,"Rs. 1,499.00"
Rs. 349.00,Rs. 349.00,Rs. 599.00
Rs. 550.00,Rs. 550.00,Rs. 999.00
Rs. 899.00,Rs. 899.00,"Rs. 1,499.00"
Rs. 399.00,Rs. 399.00,Rs. 599.00
Rs. 399.00,Rs. 399.00,Rs. 599.00
Rs. 399.00,Rs. 399.00,Rs. 599.00
Rs. 399.00,Rs. 399.00,Rs. 599.00
Rs. 549.00,Rs. 549.00,"Rs. 1,199.00"
Rs. 549.00,Rs. 549.00,"Rs. 1,199.00"
Rs. 448.00,Rs. 448.00,Rs. 549.00
Rs. 448.00,Rs. 448.00,Rs. 549.00
Rs. 799.00,Rs. 799.00,"Rs. 1,199.00"
Rs. 799.00,Rs. 799.00,"Rs. 1,199.00"
Rs. 899.00,Rs. 899.00,"Rs. 1,499.00"
Rs. 899.00,Rs. 899.00,"Rs. 1,499.00"
Rs. 749.00,Rs. 749.00,"Rs. 1,399.00"
Rs. 749.00,Rs. 749.00,"Rs. 1,399.00"
Rs. 549.00,Rs. 549.00,Rs. 999.00
Rs. 549.00,Rs. 549.00,Rs. 999.00
Rs. 549.00,Rs. 549.00,Rs. 999.00
Rs. 549.00,Rs. 549.00,Rs. 999.00
Rs. 399.00,Rs. 399.00,Rs. 799.00
Rs. 399.00,Rs. 399.00,Rs. 799.00
Rs. 399.00,Rs. 399.00,Rs. 599.00
Rs. 399.00,Rs. 399.00,Rs. 599.00
Rs. 399.00,Rs. 399.00,Rs. 599.00
Rs. 399.00,Rs. 399.00,Rs. 599.00
Rs. 349.00,Rs. 349.00,Rs. 499.00
Rs. 349.00,Rs. 349.00,Rs. 499.00
Rs. 349.00,Rs. 349.00,Rs. 699.00
Rs. 349.00,Rs. 349.00,Rs. 699.00
Rs. 349.00,Rs. 349.00,Rs. 699.00
Rs. 349.00,Rs. 349.00,Rs. 699.00
Rs. 349.00,Rs. 349.00,Rs. 699.00
Rs. 349.00,Rs. 349.00,Rs. 699.00
Rs. 349.00,Rs. 349.00,Rs. 699.00
Rs. 349.00,Rs. 349.00,Rs. 699.00
Rs. 670.00,Rs. 670.00,"Rs. 1,199.00"
Rs. 670.00,Rs. 670.00,"Rs. 1,199.00"
"from Rs. 1,299.00","from Rs. 1,299.00","Rs. 1,699.00"
"from Rs. 1,299.00","from Rs. 1,299.00","Rs. 1,699.00"
"from Rs. 1,299.00","from Rs. 1,299.00","Rs. 1,699.00"
"from Rs. 1,299.00","from Rs. 1,299.00","Rs. 1,699.00"
"from Rs. 1,299.00","from Rs. 1,299.00","Rs. 1,699.00"
"from Rs. 1,299.00","from Rs. 1,299.00","Rs. 1,699.00"
"Rs. 1,499.00","Rs. 1,499.00","Rs. 1,799.00"
"Rs. 1,499.00","Rs. 1,499.00","Rs. 1,799.00"
Rs. 499.00,Rs. 499.00,Rs. 899.00
Rs. 499.00,Rs. 499.00,Rs. 899.00
Rs. 549.00,Rs. 549.00,Rs. 999.00
Rs. 549.00,Rs. 549.00,Rs. 999.00
Rs. 349.00,Rs. 349.00,Rs. 599.00
Rs. 550.00,Rs. 550.00,Rs. 999.00
Rs. 899.00,Rs. 899.00,"Rs. 1,499.00"
Rs. 349.00,Rs. 349.00,Rs. 599.00
Rs. 550.00,Rs. 550.00,Rs. 999.00
Rs. 899.00,Rs. 899.00,"Rs. 1,499.00"
Rs. 349.00,Rs. 349.00,Rs. 599.00
Rs. 550.00,Rs. 550.00,Rs. 999.00
Rs. 899.00,Rs. 899.00,"Rs. 1,499.00"
Rs. 349.00,Rs. 349.00,Rs. 599.00
Rs. 550.00,Rs. 550.00,Rs. 999.00
Rs. 899.00,Rs. 899.00,"Rs. 1,499.00"
Rs. 399.00,Rs. 399.00,Rs. 599.00
Rs. 399.00,Rs. 399.00,Rs. 599.00
Rs. 399.00,Rs. 399.00,Rs. 599.00
Rs. 399.00,Rs. 399.00,Rs. 599.00
Rs. 549.00,Rs. 549.00,"Rs. 1,199.00"
Rs. 549.00,Rs. 549.00,"Rs. 1,199.00"
Rs. 448.00,Rs. 448.00,Rs. 549.00
Rs. 448.00,Rs. 448.00,Rs. 549.00
Rs. 799.00,Rs. 799.00,"Rs. 1,199.00"
Rs. 799.00,Rs. 799.00,"Rs. 1,199.00"
Rs. 899.00,Rs. 899.00,"Rs. 1,499.00"
Rs. 899.00,Rs. 899.00,"Rs. 1,499.00"
Rs. 749.00,Rs. 749.00,"Rs. 1,399.00"
Rs. 749.00,Rs. 749.00,"Rs. 1,399.00"
Rs. 549.00,Rs. 549.00,Rs. 999.00
Rs. 549.00,Rs. 549.00,Rs. 999.00
Rs. 549.00,Rs. 549.00,Rs. 999.00
Rs. 549.00,Rs. 549.00,Rs. 999.00
Rs. 399.00,Rs. 399.00,Rs. 799.00
Rs. 399.00,Rs. 399.00,Rs. 799.00
Rs. 399.00,Rs. 399.00,Rs. 599.00
Rs. 399.00,Rs. 399.00,Rs. 599.00
Rs. 399.00,Rs. 399.00,Rs. 599.00
Rs. 399.00,Rs. 399.00,Rs. 599.00
Rs. 349.00,Rs. 349.00,Rs. 499.00
Rs. 349.00,Rs. 349.00,Rs. 499.00
Rs. 349.00,Rs. 349.00,Rs. 699.00
Rs. 349.00,Rs. 349.00,Rs. 699.00
Rs. 349.00,Rs. 349.00,Rs. 699.00
Rs. 349.00,Rs. 349.00,Rs. 699.00
Rs. 349.00,Rs. 349.00,Rs. 699.00
Rs. 349.00,Rs. 349.00,Rs. 699.00
Rs. 349.00,Rs. 349.00,Rs. 699.00
Rs. 349.00,Rs. 349.00,Rs. 699.00
Rs. 670.00,Rs. 670.00,"Rs. 1,199.00"
Rs. 670.00,Rs. 670.00,"Rs. 1,199.00"
"from Rs. 1,299.00","from Rs. 1,299.00","Rs. 1,699.00"
"from Rs. 1,299.00","from Rs. 1,299.00","Rs. 1,699.00"
"from Rs. 1,299.00","from Rs. 1,299.00","Rs. 1,699.00"
"from Rs. 1,299.00","from Rs. 1,299.00","Rs. 1,699.00"
"from Rs. 1,299.00","from Rs. 1,299.00","Rs. 1,699.00"
"from Rs. 1,299.00","from Rs. 1,299.00","Rs. 1,699.00"
"Rs. 1,499.00","Rs. 1,499.00","Rs. 1,799.00"
"Rs. 1,499.00","Rs. 1,499.00","Rs. 1,799.00"
Rs. 499.00,Rs. 499.00,Rs. 899.00
Rs. 499.00,Rs. 499.00,Rs. 899.00
Rs. 549.00,Rs. 549.00,Rs. 999.00
Rs. 549.00,Rs. 549.00,Rs. 999.00
Rs. 349.00,Rs. 349.00,Rs. 599.00
Rs. 550.00,Rs. 550.00,Rs. 999.00
Rs. 899.00,Rs. 899.00,"Rs. 1,499.00"
Rs. 349.00,Rs. 349.00,Rs. 599.00
Rs. 550.00,Rs. 550.00,Rs. 999.00
Rs. 899.00,Rs. 899.00,"Rs. 1,499.00"
